"orden","departamento","municipio","Fecha","a_o","mes","dia","1era Dosis","2da Dosis","Total aplicada","ASTRAZENECA","PFIZER","SINOVAC","ASTRAZENECA 1era Dosis","PFIZER  1era Dosis","SINOVAC 1era Dosis","ASTRAZENECA 2da Dosis","PFIZER 2da Dosis","SINOVAC 2da Dosis","janssen","moderna","moderna_1era_dosis","moderna_2da_dosis","astrazeneca_refuerzo","pfizer_refuerzo","sinovac_refuerzo","janssen_refuerzo","moderna_refuerzo"
"1","SANTANDER","BUCARAMANGA","2021-02-18T00:00:00.000","febrero","2021","jueves","184","1","185","7","136","0","7","135","0","0","1","0","0","42","42","0","0","0","0","0","0"
"2","SANTANDER","BUCARAMANGA","2021-02-19T00:00:00.000","febrero","2021","viernes","447","0","447","8","367","0","8","367","0","0","0","0","0","72","72","0","0","0","0","0","0"
"3","SANTANDER","BUCARAMANGA","2021-02-20T00:00:00.000","febrero","2021","sábado","319","4","323","8","245","2","8","243","2","0","2","0","0","68","66","2","0","0","0","0","0"
"4","SANTANDER","BUCARAMANGA","2021-02-21T00:00:00.000","febrero","2021","domingo","381","0","381","9","289","0","9","289","0","0","0","0","0","83","83","0","0","2","1","0","0"
"5","SANTANDER","BUCARAMANGA","2021-02-22T00:00:00.000","febrero","2021","lunes","371","0","371","12","248","1","12","248","1","0","0","0","0","110","110","0","0","0","0","0","0"
"6","SANTANDER","BUCARAMANGA","2021-02-23T00:00:00.000","febrero","2021","martes","21","0","21","1","15","1","1","15","1","0","0","0","0","4","4","0","0","0","0","0","0"
"7","SANTANDER","BUCARAMANGA","2021-02-24T00:00:00.000","febrero","2021","miércoles","0","0","0","0","0","0","0","0","0","0","0","0","0","0","0","0","1","1","0","0","0"
"8","SANTANDER","BUCARAMANGA","2021-02-25T00:00:00.000","febrero","2021","jueves","1","0","1","0","1","0","0","1","0","0","0","0","0","0","0","0","0","0","0","0","0"
"9","SANTANDER","BUCARAMANGA","2021-02-26T00:00:00.000","febrero","2021","viernes","0","1","1","0","1","0","0","0","0","0","1","0","0","0","0","0","1","0","0","0","0"
"10","SANTANDER","BUCARAMANGA","2021-02-27T00:00:00.000","febrero","2021","sábado","0","0","0","0","0","0","0","0","0","0","0","0","0","0","0","0","0","0","0","0","0"
"11","SANTANDER","BUCARAMANGA","2021-02-28T00:00:00.000","febrero","2021","domingo","85","0","85","0","0","85","0","0","85","0","0","0","0","0","0","0","0","0","0","0","0"
"12","SANTANDER","BUCARAMANGA","2021-03-01T00:00:00.000","marzo","2021","lunes","436","0","436","12","325","19","12","325","19","0","0","0","0","80","80","0","0","0","0","0","0"
"13","SANTANDER","BUCARAMANGA","2021-03-02T00:00:00.000","marzo","2021","martes","869","3","872","23","603","96","23","602","96","0","1","0","0","150","148","2","0","0","0","0","0"
"14","SANTANDER","BUCARAMANGA","2021-03-03T00:00:00.000","marzo","2021","miércoles","653","0","653","18","347","122","18","347","122","0","0","0","2","166","166","0","0","0","0","0","0"
"15","SANTANDER","BUCARAMANGA","2021-03-04T00:00:00.000","marzo","2021","jueves","398","0","398","13","150","151","13","150","151","0","0","0","0","84","84","0","0","0","0","0","0"
"16","SANTANDER","BUCARAMANGA","2021-03-05T00:00:00.000","marzo","2021","viernes","1008","0","1008","24","525","282","24","525","282","0","0","0","0","177","177","0","0","0","0","0","0"
"17","SANTANDER","BUCARAMANGA","2021-03-06T00:00:00.000","marzo","2021","sábado","963","0","963","24","753","43","24","753","43","0","0","0","0","143","143","0","0","0","0","0","0"
"18","SANTANDER","BUCARAMANGA","2021-03-07T00:00:00.000","marzo","2021","domingo","687","0","687","30","498","35","30","498","35","0","0","0","0","124","124","0","0","0","0","0","0"
"19","SANTANDER","BUCARAMANGA","2021-03-08T00:00:00.000","marzo","2021","lunes","625","0","625","21","367","89","21","367","89","0","0","0","1","148","148","0","0","0","0","0","0"
"20","SANTANDER","BUCARAMANGA","2021-03-09T00:00:00.000","marzo","2021","martes","996","1","997","47","493","247","47","492","247","0","1","0","2","210","210","0","0","0","0","0","0"
"21","SANTANDER","BUCARAMANGA","2021-03-10T00:00:00.000","marzo","2021","miércoles","1891","0","1891","44","447","1211","44","447","1211","0","0","0","0","189","189","0","0","0","0","0","0"
"22","SANTANDER","BUCARAMANGA","2021-03-11T00:00:00.000","marzo","2021","jueves","2097","161","2258","74","524","1416","67","408","1416","7","116","0","0","244","206","38","0","0","0","0","0"
"23","SANTANDER","BUCARAMANGA","2021-03-12T00:00:00.000","marzo","2021","viernes","2373","449","2822","67","739","1696","58","376","1695","9","363","1","1","320","244","76","0","0","0","0","0"
"24","SANTANDER","BUCARAMANGA","2021-03-13T00:00:00.000","marzo","2021","sábado","1786","299","2085","61","376","1435","53","150","1435","8","226","0","0","213","148","65","0","0","0","0","0"
"25","SANTANDER","BUCARAMANGA","2021-03-14T00:00:00.000","marzo","2021","domingo","1058","366","1424","37","343","878","27","67","878","10","276","0","0","166","86","80","0","0","0","0","0"
"26","SANTANDER","BUCARAMANGA","2021-03-15T00:00:00.000","marzo","2021","lunes","1302","381","1683","45","294","1130","34","39","1130","11","255","0","0","214","99","115","0","0","0","0","0"
"27","SANTANDER","BUCARAMANGA","2021-03-16T00:00:00.000","marzo","2021","martes","1118","25","1143","29","69","927","27","51","927","2","18","0","1","118","113","5","0","0","0","0","0"
"28","SANTANDER","BUCARAMANGA","2021-03-17T00:00:00.000","marzo","2021","miércoles","1062","4","1066","39","64","849","39","63","849","0","1","0","0","114","111","3","0","0","0","0","0"
"29","SANTANDER","BUCARAMANGA","2021-03-18T00:00:00.000","marzo","2021","jueves","920","0","920","38","40","778","38","40","778","0","0","0","0","64","64","0","0","0","0","0","0"
"30","SANTANDER","BUCARAMANGA","2021-03-19T00:00:00.000","marzo","2021","viernes","1466","0","1466","37","254","986","37","254","986","0","0","0","0","189","189","0","0","0","0","0","0"
"31","SANTANDER","BUCARAMANGA","2021-03-20T00:00:00.000","marzo","2021","sábado","1816","5","1821","52","642","857","52","642","852","0","0","5","1","270","270","0","0","0","0","0","0"
"32","SANTANDER","BUCARAMANGA","2021-03-21T00:00:00.000","marzo","2021","domingo","856","1","857","39","286","424","39","285","424","0","1","0","0","108","108","0","0","0","0","0","0"
"33","SANTANDER","BUCARAMANGA","2021-03-22T00:00:00.000","marzo","2021","lunes","864","383","1247","42","502","512","31","207","512","11","295","0","0","191","114","77","0","0","0","0","0"
"34","SANTANDER","BUCARAMANGA","2021-03-23T00:00:00.000","marzo","2021","martes","1654","774","2428","86","972","1042","62","371","1041","24","601","1","0","328","180","148","0","0","0","0","0"
"35","SANTANDER","BUCARAMANGA","2021-03-24T00:00:00.000","marzo","2021","miércoles","1150","514","1664","44","455","880","27","120","880","17","335","0","1","285","123","162","0","0","0","0","0"
"36","SANTANDER","BUCARAMANGA","2021-03-25T00:00:00.000","marzo","2021","jueves","993","210","1203","26","188","784","21","40","783","5","148","1","0","205","149","56","0","0","0","0","0"
"37","SANTANDER","BUCARAMANGA","2021-03-26T00:00:00.000","marzo","2021","viernes","1386","622","2008","53","590","1028","31","142","1028","22","448","0","1","337","185","152","0","0","0","0","0"
"38","SANTANDER","BUCARAMANGA","2021-03-27T00:00:00.000","marzo","2021","sábado","1737","900","2637","75","1364","704","50","624","704","25","740","0","0","494","359","135","0","0","0","0","0"
"39","SANTANDER","BUCARAMANGA","2021-03-28T00:00:00.000","marzo","2021","domingo","1987","729","2716","73","1059","1040","46","566","955","27","493","85","1","544","420","124","0","0","0","0","0"
"40","SANTANDER","BUCARAMANGA","2021-03-29T00:00:00.000","marzo","2021","lunes","3380","552","3932","118","828","2255","97","464","2235","21","364","20","0","731","584","147","0","0","0","0","0"
"41","SANTANDER","BUCARAMANGA","2021-03-30T00:00:00.000","marzo","2021","martes","3066","757","3823","135","729","2279","92","279","2191","43","450","88","3","680","504","176","0","0","0","0","0"
"42","SANTANDER","BUCARAMANGA","2021-03-31T00:00:00.000","marzo","2021","miércoles","2551","581","3132","103","552","2003","91","171","1901","12","381","102","0","474","388","86","0","0","0","0","0"
"43","SANTANDER","BUCARAMANGA","2021-04-01T00:00:00.000","abril","2021","jueves","995","585","1580","59","347","923","32","32","777","27","315","146","2","251","154","97","0","0","0","0","0"
"44","SANTANDER","BUCARAMANGA","2021-04-02T00:00:00.000","abril","2021","viernes","681","625","1306","53","361","651","32","103","415","21","258","236","0","241","131","110","0","0","0","0","0"
"45","SANTANDER","BUCARAMANGA","2021-04-03T00:00:00.000","abril","2021","sábado","919","86","1005","32","70","740","32","40","693","0","30","47","0","163","154","9","0","0","0","0","0"
"46","SANTANDER","BUCARAMANGA","2021-04-04T00:00:00.000","abril","2021","domingo","461","36","497","35","19","379","34","16","347","1","3","32","0","64","64","0","0","0","0","0","0"
"47","SANTANDER","BUCARAMANGA","2021-04-05T00:00:00.000","abril","2021","lunes","1073","71","1144","231","34","749","230","26","691","1","8","58","0","130","126","4","0","0","0","0","0"
"48","SANTANDER","BUCARAMANGA","2021-04-06T00:00:00.000","abril","2021","martes","866","240","1106","191","43","766","184","25","574","7","18","192","6","106","83","23","0","0","0","0","0"
"49","SANTANDER","BUCARAMANGA","2021-04-07T00:00:00.000","abril","2021","miércoles","538","269","807","195","20","535","186","11","300","9","9","235","0","57","41","16","0","0","0","0","0"
"50","SANTANDER","BUCARAMANGA","2021-04-08T00:00:00.000","abril","2021","jueves","224","417","641","119","12","478","112","6","93","7","6","385","0","32","13","19","0","0","0","0","0"
"51","SANTANDER","BUCARAMANGA","2021-04-09T00:00:00.000","abril","2021","viernes","154","549","703","98","44","528","90","4","58","8","40","470","1","33","2","31","0","0","0","0","0"
"52","SANTANDER","BUCARAMANGA","2021-04-10T00:00:00.000","abril","2021","sábado","84","570","654","62","173","385","50","9","22","12","164","363","1","34","3","31","0","0","0","0","0"
"53","SANTANDER","BUCARAMANGA","2021-04-11T00:00:00.000","abril","2021","domingo","31","428","459","33","71","330","24","3","4","9","68","326","0","25","0","25","0","0","0","0","0"
"54","SANTANDER","BUCARAMANGA","2021-04-12T00:00:00.000","abril","2021","lunes","89","565","654","88","134","385","74","10","5","14","124","380","0","47","0","47","0","0","0","0","0"
"55","SANTANDER","BUCARAMANGA","2021-04-13T00:00:00.000","abril","2021","martes","71","325","396","67","98","200","59","3","4","8","95","196","0","31","5","26","0","0","0","0","0"
"56","SANTANDER","BUCARAMANGA","2021-04-14T00:00:00.000","abril","2021","miércoles","45","159","204","38","18","127","34","5","3","4","13","124","0","21","3","18","0","0","0","0","0"
"57","SANTANDER","BUCARAMANGA","2021-04-15T00:00:00.000","abril","2021","jueves","18","91","109","11","14","77","6","5","5","5","9","72","0","7","2","5","0","0","0","0","0"
"58","SANTANDER","BUCARAMANGA","2021-04-16T00:00:00.000","abril","2021","viernes","248","216","464","18","298","120","18","209","2","0","89","118","1","28","19","9","0","0","0","0","0"
"59","SANTANDER","BUCARAMANGA","2021-04-17T00:00:00.000","abril","2021","sábado","1705","774","2479","88","1662","443","71","1432","4","17","230","439","0","286","198","88","0","0","0","0","0"
"60","SANTANDER","BUCARAMANGA","2021-04-18T00:00:00.000","abril","2021","domingo","1966","1545","3511","199","2028","679","140","1480","3","59","548","676","0","605","343","262","0","0","0","0","0"
"61","SANTANDER","BUCARAMANGA","2021-04-19T00:00:00.000","abril","2021","lunes","1748","1706","3454","230","1681","1009","161","1285","3","69","396","1006","0","534","299","235","0","0","0","0","0"
"62","SANTANDER","BUCARAMANGA","2021-04-20T00:00:00.000","abril","2021","martes","2270","1227","3497","180","1877","799","140","1651","6","40","226","793","1","641","473","168","0","0","0","0","0"
"63","SANTANDER","BUCARAMANGA","2021-04-21T00:00:00.000","abril","2021","miércoles","4144","1439","5583","274","3159","1112","236","2991","14","38","168","1098","0","1038","903","135","0","0","0","0","0"
"64","SANTANDER","BUCARAMANGA","2021-04-22T00:00:00.000","abril","2021","jueves","3586","967","4553","255","2720","791","230","2666","11","25","54","780","0","787","679","108","0","0","0","0","0"
"65","SANTANDER","BUCARAMANGA","2021-04-23T00:00:00.000","abril","2021","viernes","2284","1247","3531","184","1740","974","146","1630","4","38","110","970","0","633","504","129","0","0","0","0","0"
"66","SANTANDER","BUCARAMANGA","2021-04-24T00:00:00.000","abril","2021","sábado","2914","613","3527","195","2215","416","176","2140","6","19","75","410","0","701","592","109","0","0","0","0","0"
"67","SANTANDER","BUCARAMANGA","2021-04-25T00:00:00.000","abril","2021","domingo","1730","505","2235","104","1315","329","95","1268","3","9","47","326","1","487","364","123","0","0","0","0","0"
"68","SANTANDER","BUCARAMANGA","2021-04-26T00:00:00.000","abril","2021","lunes","3177","733","3910","205","2461","530","191","2405","4","14","56","526","1","714","577","137","0","0","0","0","0"
"69","SANTANDER","BUCARAMANGA","2021-04-27T00:00:00.000","abril","2021","martes","5267","318","5585","311","3743","261","305","3723","4","6","20","257","0","1270","1235","35","0","0","0","0","0"
"70","SANTANDER","BUCARAMANGA","2021-04-28T00:00:00.000","abril","2021","miércoles","80","110","190","5","50","87","4","48","0","1","2","87","0","48","28","20","0","0","0","0","0"
"71","SANTANDER","BUCARAMANGA","2021-04-29T00:00:00.000","abril","2021","jueves","615","81","696","436","147","68","434","139","1","2","8","67","2","45","41","4","0","0","0","0","0"
"72","SANTANDER","BUCARAMANGA","2021-04-30T00:00:00.000","abril","2021","viernes","2880","19","2899","2149","536","10","2149","530","1","0","6","9","1","204","200","4","0","0","0","0","0"
"73","SANTANDER","BUCARAMANGA","2021-05-01T00:00:00.000","mayo","2021","sábado","2183","332","2515","1867","223","278","1865","212","2","2","11","276","1","147","104","43","0","0","0","0","0"
"74","SANTANDER","BUCARAMANGA","2021-05-02T00:00:00.000","mayo","2021","domingo","1267","1923","3190","1098","196","1443","1061","149","3","37","47","1440","0","453","54","399","1","0","0","0","0"
"75","SANTANDER","BUCARAMANGA","2021-05-03T00:00:00.000","mayo","2021","lunes","2085","3122","5207","2017","153","2369","1910","80","0","107","73","2369","2","668","95","573","0","0","0","0","0"
"76","SANTANDER","BUCARAMANGA","2021-05-04T00:00:00.000","mayo","2021","martes","1872","2541","4413","1808","92","1955","1714","49","2","94","43","1953","3","558","107","451","0","0","0","0","0"
"77","SANTANDER","BUCARAMANGA","2021-05-05T00:00:00.000","mayo","2021","miércoles","1116","1335","2451","1083","64","1036","1037","31","2","46","33","1034","2","268","46","222","1","0","0","0","0"
"78","SANTANDER","BUCARAMANGA","2021-05-06T00:00:00.000","mayo","2021","jueves","1226","1072","2298","1174","65","827","1131","38","0","43","27","827","5","232","57","175","0","0","1","0","0"
"79","SANTANDER","BUCARAMANGA","2021-05-07T00:00:00.000","mayo","2021","viernes","2036","1095","3131","822","1221","720","779","1022","5","43","199","715","0","368","230","138","0","0","0","0","0"
"80","SANTANDER","BUCARAMANGA","2021-05-08T00:00:00.000","mayo","2021","sábado","3494","1024","4518","220","3428","340","188","2857","18","32","571","322","1","530","431","99","0","0","0","0","0"
"81","SANTANDER","BUCARAMANGA","2021-05-09T00:00:00.000","mayo","2021","domingo","1259","736","1995","166","1449","115","137","967","10","29","482","105","0","265","145","120","0","0","0","0","0"
"82","SANTANDER","BUCARAMANGA","2021-05-10T00:00:00.000","mayo","2021","lunes","981","1108","2089","316","1160","397","292","549","59","24","611","338","2","216","81","135","0","0","0","0","0"
"83","SANTANDER","BUCARAMANGA","2021-05-11T00:00:00.000","mayo","2021","martes","811","828","1639","216","614","661","187","232","327","29","382","334","3","148","65","83","0","0","0","0","0"
"84","SANTANDER","BUCARAMANGA","2021-05-12T00:00:00.000","mayo","2021","miércoles","1667","1775","3442","214","1528","1205","134","255","1104","80","1273","101","2","495","174","321","0","0","0","0","0"
"85","SANTANDER","BUCARAMANGA","2021-05-13T00:00:00.000","mayo","2021","jueves","2045","2971","5016","332","2253","1635","165","152","1535","167","2101","100","5","796","193","603","0","0","0","0","0"
"86","SANTANDER","BUCARAMANGA","2021-05-14T00:00:00.000","mayo","2021","viernes","1751","1807","3558","243","1282","1479","139","87","1393","104","1195","86","3","554","132","422","0","0","0","0","0"
"87","SANTANDER","BUCARAMANGA","2021-05-15T00:00:00.000","mayo","2021","sábado","1434","1892","3326","183","2069","555","87","705","525","96","1364","30","2","519","117","402","0","0","0","0","0"
"88","SANTANDER","BUCARAMANGA","2021-05-16T00:00:00.000","mayo","2021","domingo","1885","2462","4347","244","3263","107","87","1516","92","157","1747","15","5","733","190","543","0","0","0","0","0"
"89","SANTANDER","BUCARAMANGA","2021-05-17T00:00:00.000","mayo","2021","lunes","1485","2513","3998","232","3111","32","75","1279","17","157","1832","15","0","623","114","509","0","0","0","0","0"
"90","SANTANDER","BUCARAMANGA","2021-05-18T00:00:00.000","mayo","2021","martes","2246","5506","7752","450","5649","217","128","1808","169","322","3841","48","1","1436","141","1295","0","0","0","0","0"
"91","SANTANDER","BUCARAMANGA","2021-05-19T00:00:00.000","mayo","2021","miércoles","2037","442","2479","152","1763","364","130","1460","315","22","303","49","4","200","132","68","0","0","0","0","0"
"92","SANTANDER","BUCARAMANGA","2021-05-20T00:00:00.000","mayo","2021","jueves","1486","237","1723","150","808","646","143","637","606","7","171","40","5","119","100","19","0","0","0","0","0"
"93","SANTANDER","BUCARAMANGA","2021-05-21T00:00:00.000","mayo","2021","viernes","1648","488","2136","88","1737","139","72","1338","109","16","399","30","5","172","129","43","0","0","1","0","0"
"94","SANTANDER","BUCARAMANGA","2021-05-22T00:00:00.000","mayo","2021","sábado","4347","181","4528","285","3117","400","281","2969","387","4","148","13","2","726","710","16","0","0","0","0","0"
"95","SANTANDER","BUCARAMANGA","2021-05-23T00:00:00.000","mayo","2021","domingo","4046","96","4142","268","1232","2030","266","1157","2028","2","75","2","0","612","595","17","0","0","0","0","0"
"96","SANTANDER","BUCARAMANGA","2021-05-24T00:00:00.000","mayo","2021","lunes","4466","74","4540","263","358","3414","260","312","3399","3","46","15","2","505","495","10","0","0","0","0","0"
"97","SANTANDER","BUCARAMANGA","2021-05-25T00:00:00.000","mayo","2021","martes","4059","46","4105","275","166","3285","272","159","3258","3","7","27","8","379","370","9","0","0","0","0","0"
"98","SANTANDER","BUCARAMANGA","2021-05-26T00:00:00.000","mayo","2021","miércoles","4634","25","4659","291","175","3699","290","166","3690","1","9","9","8","494","488","6","0","0","0","0","0"
"99","SANTANDER","BUCARAMANGA","2021-05-27T00:00:00.000","mayo","2021","jueves","6542","22","6564","423","307","5037","422","301","5025","1","6","12","8","797","794","3","0","0","0","0","0"
"100","SANTANDER","BUCARAMANGA","2021-05-28T00:00:00.000","mayo","2021","viernes","5743","786","6529","380","3116","2291","346","2524","2281","34","592","10","5","742","592","150","0","0","0","0","0"
"101","SANTANDER","BUCARAMANGA","2021-05-29T00:00:00.000","mayo","2021","sábado","8561","2931","11492","500","9655","124","356","7287","121","144","2368","3","5","1213","797","416","0","0","0","0","0"
"102","SANTANDER","BUCARAMANGA","2021-05-30T00:00:00.000","mayo","2021","domingo","4992","1143","6135","291","4893","402","218","3973","401","73","920","1","2","549","400","149","0","0","0","0","0"
"103","SANTANDER","BUCARAMANGA","2021-05-31T00:00:00.000","mayo","2021","lunes","5238","655","5893","363","4090","919","329","3550","915","34","540","4","6","521","444","77","0","0","0","0","0"
"104","SANTANDER","BUCARAMANGA","2021-06-01T00:00:00.000","junio","2021","martes","6140","331","6471","489","4375","1078","465","4104","1073","24","271","5","14","529","498","31","0","0","0","0","0"
"105","SANTANDER","BUCARAMANGA","2021-06-02T00:00:00.000","junio","2021","miércoles","4777","293","5070","307","2990","1402","289","2760","1396","18","230","6","1","371","332","39","0","0","0","0","0"
"106","SANTANDER","BUCARAMANGA","2021-06-03T00:00:00.000","junio","2021","jueves","4984","208","5192","215","4019","600","201","3852","597","14","167","3","7","358","334","24","0","0","0","0","0"
"107","SANTANDER","BUCARAMANGA","2021-06-04T00:00:00.000","junio","2021","viernes","2173","52","2225","84","1635","377","82","1599","370","2","36","7","3","129","122","7","0","0","0","0","0"
"108","SANTANDER","BUCARAMANGA","2021-06-05T00:00:00.000","junio","2021","sábado","2694","523","3217","177","2564","236","154","2131","220","23","433","16","8","240","189","51","0","0","0","0","0"
"109","SANTANDER","BUCARAMANGA","2021-06-06T00:00:00.000","junio","2021","domingo","3410","1644","5054","230","4413","17","150","3038","11","80","1375","6","8","394","211","183","0","0","0","0","0"
"110","SANTANDER","BUCARAMANGA","2021-06-07T00:00:00.000","junio","2021","lunes","2499","1377","3876","169","3405","52","102","2239","20","67","1166","32","5","250","138","112","0","0","0","0","0"
"111","SANTANDER","BUCARAMANGA","2021-06-08T00:00:00.000","junio","2021","martes","3621","1968","5589","271","4581","342","161","3140","86","110","1441","256","7","395","234","161","0","0","0","0","0"
"112","SANTANDER","BUCARAMANGA","2021-06-09T00:00:00.000","junio","2021","miércoles","2016","2370","4386","232","2906","907","78","1774","51","154","1132","856","1","341","113","228","0","0","0","0","0"
"113","SANTANDER","BUCARAMANGA","2021-06-10T00:00:00.000","junio","2021","jueves","2006","2315","4321","285","2333","1380","145","1683","85","140","650","1295","6","323","93","230","0","0","0","0","0"
"114","SANTANDER","BUCARAMANGA","2021-06-11T00:00:00.000","junio","2021","viernes","2975","2870","5845","464","3697","1259","292","2480","32","172","1217","1227","3","425","171","254","0","0","0","1","0"
"115","SANTANDER","BUCARAMANGA","2021-06-12T00:00:00.000","junio","2021","sábado","1926","3745","5671","369","4017","541","121","1684","15","248","2333","526","35","744","106","638","0","1","0","0","0"
"116","SANTANDER","BUCARAMANGA","2021-06-13T00:00:00.000","junio","2021","domingo","670","1534","2204","165","1631","100","68","540","19","97","1091","81","2","308","43","265","0","0","0","0","0"
"117","SANTANDER","BUCARAMANGA","2021-06-14T00:00:00.000","junio","2021","lunes","1107","285","1392","81","1081","131","65","888","97","16","193","34","4","99","57","42","0","0","0","0","0"
"118","SANTANDER","BUCARAMANGA","2021-06-15T00:00:00.000","junio","2021","martes","3347","446","3793","195","3182","222","170","2976","38","25","206","184","5","194","163","31","0","0","0","0","0"
"119","SANTANDER","BUCARAMANGA","2021-06-16T00:00:00.000","junio","2021","miércoles","5833","488","6321","376","5304","298","351","5155","17","25","149","281","2","343","310","33","0","0","0","0","0"
"120","SANTANDER","BUCARAMANGA","2021-06-17T00:00:00.000","junio","2021","jueves","5497","684","6181","324","5084","499","290","4958","26","34","126","473","6","274","223","51","0","0","0","0","0"
"121","SANTANDER","BUCARAMANGA","2021-06-18T00:00:00.000","junio","2021","viernes","4760","2349","7109","363","6131","184","242","4311","44","121","1820","140","4","431","163","268","0","0","0","0","0"
"122","SANTANDER","BUCARAMANGA","2021-06-19T00:00:00.000","junio","2021","sábado","89","501","590","90","200","265","69","13","7","21","187","258","5","35","0","35","0","0","0","0","0"
"123","SANTANDER","BUCARAMANGA","2021-06-20T00:00:00.000","junio","2021","domingo","2166","7484","9650","531","6874","1211","124","1942","8","407","4932","1203","2","1034","92","942","0","0","0","0","0"
"124","SANTANDER","BUCARAMANGA","2021-06-21T00:00:00.000","junio","2021","lunes","3939","9154","13093","685","8863","2487","186","3607","24","499","5256","2463","4","1058","122","936","0","0","0","0","0"
"125","SANTANDER","BUCARAMANGA","2021-06-22T00:00:00.000","junio","2021","martes","3260","8093","11353","596","7295","2579","126","2980","48","470","4315","2531","8","883","106","777","0","0","0","0","0"
"126","SANTANDER","BUCARAMANGA","2021-06-23T00:00:00.000","junio","2021","miércoles","2807","6886","9693","525","5160","3267","132","2333","297","393","2827","2970","7","741","45","696","0","0","0","0","0"
"127","SANTANDER","BUCARAMANGA","2021-06-24T00:00:00.000","junio","2021","jueves","1624","8095","9719","576","4258","3892","75","1481","29","501","2777","3863","6","993","39","954","0","0","0","0","0"
"128","SANTANDER","BUCARAMANGA","2021-06-25T00:00:00.000","junio","2021","viernes","54","2914","2968","232","230","2202","29","9","15","203","221","2187","2","304","1","303","0","0","1","0","0"
"129","SANTANDER","BUCARAMANGA","2021-06-26T00:00:00.000","junio","2021","sábado","234","3138","3372","199","2363","521","17","156","38","182","2207","483","372","289","23","266","0","0","0","0","0"
"130","SANTANDER","BUCARAMANGA","2021-06-27T00:00:00.000","junio","2021","domingo","132","3895","4027","264","3037","431","11","110","4","253","2927","427","823","295","7","288","0","3","0","0","0"
"131","SANTANDER","BUCARAMANGA","2021-06-28T00:00:00.000","junio","2021","lunes","434","4401","4835","617","3032","850","40","335","34","577","2697","816","1116","336","25","311","0","1","0","0","0"
"132","SANTANDER","BUCARAMANGA","2021-06-29T00:00:00.000","junio","2021","martes","424","5055","5479","798","3368","896","45","363","8","753","3005","888","1182","417","8","409","0","0","1","1","0"
"133","SANTANDER","BUCARAMANGA","2021-06-30T00:00:00.000","junio","2021","miércoles","129","3866","3995","703","1903","1111","37","49","27","666","1854","1084","1007","278","16","262","0","0","0","0","0"
"134","SANTANDER","BUCARAMANGA","2021-07-01T00:00:00.000","julio","2021","jueves","193","2617","2810","497","1602","568","28","43","113","469","1559","455","975","143","9","134","0","0","0","0","0"
"135","SANTANDER","BUCARAMANGA","2021-07-02T00:00:00.000","julio","2021","viernes","501","3429","3930","439","2123","1120","17","45","420","422","2078","700","760","248","19","229","0","0","0","1","0"
"136","SANTANDER","BUCARAMANGA","2021-07-03T00:00:00.000","julio","2021","sábado","1073","2090","3163","307","1396","1295","40","66","939","267","1330","356","383","165","28","137","0","0","0","0","0"
"137","SANTANDER","BUCARAMANGA","2021-07-04T00:00:00.000","julio","2021","domingo","1090","1037","2127","193","764","1071","48","51","961","145","713","110","139","99","30","69","0","0","0","0","0"
"138","SANTANDER","BUCARAMANGA","2021-07-05T00:00:00.000","julio","2021","lunes","612","1296","1908","263","932","592","19","46","508","244","886","84","1552","121","39","82","0","0","0","0","0"
"139","SANTANDER","BUCARAMANGA","2021-07-06T00:00:00.000","julio","2021","martes","454","3055","3509","465","2356","471","74","88","251","391","2268","220","4274","217","41","176","0","0","0","0","0"
"140","SANTANDER","BUCARAMANGA","2021-07-07T00:00:00.000","julio","2021","miércoles","1851","4253","6104","500","4914","364","70","1489","236","430","3425","128","3425","326","56","270","0","1","2","1","0"
"141","SANTANDER","BUCARAMANGA","2021-07-08T00:00:00.000","julio","2021","jueves","2719","4705","7424","438","6379","309","69","2451","130","369","3928","179","3245","298","69","229","0","0","0","0","0"
"142","SANTANDER","BUCARAMANGA","2021-07-09T00:00:00.000","julio","2021","viernes","1673","4653","6326","387","5390","316","55","1370","210","332","4020","106","3348","233","38","195","0","0","0","0","0"
"143","SANTANDER","BUCARAMANGA","2021-07-10T00:00:00.000","julio","2021","sábado","755","1026","1781","157","1267","300","20","627","82","137","640","218","2292","57","26","31","0","0","0","0","0"
"144","SANTANDER","BUCARAMANGA","2021-07-11T00:00:00.000","julio","2021","domingo","141","1732","1873","158","1577","46","10","113","5","148","1464","41","1709","92","13","79","0","0","0","1","0"
"145","SANTANDER","BUCARAMANGA","2021-07-12T00:00:00.000","julio","2021","lunes","384","2969","3353","228","2736","249","17","189","160","211","2547","89","2392","140","18","122","0","0","0","0","0"
"146","SANTANDER","BUCARAMANGA","2021-07-13T00:00:00.000","julio","2021","martes","959","2716","3675","183","2555","793","22","205","712","161","2350","81","2038","144","20","124","0","1","0","0","0"
"147","SANTANDER","BUCARAMANGA","2021-07-14T00:00:00.000","julio","2021","miércoles","836","2021","2857","125","2152","507","31","331","453","94","1821","54","3212","73","21","52","0","0","0","1","0"
"148","SANTANDER","BUCARAMANGA","2021-07-15T00:00:00.000","julio","2021","jueves","1016","1050","2066","122","993","893","31","139","827","91","854","66","3225","58","19","39","0","0","0","1","0"
"149","SANTANDER","BUCARAMANGA","2021-07-16T00:00:00.000","julio","2021","viernes","1186","275","1461","67","269","1094","22","106","1038","45","163","56","2196","31","20","11","0","0","0","0","0"
"150","SANTANDER","BUCARAMANGA","2021-07-17T00:00:00.000","julio","2021","sábado","1254","232","1486","94","182","1178","72","90","1070","22","92","108","1121","32","22","10","0","0","0","0","0"
"151","SANTANDER","BUCARAMANGA","2021-07-18T00:00:00.000","julio","2021","domingo","1358","76","1434","39","67","1314","21","41","1287","18","26","27","85","14","9","5","0","0","0","1","0"
"152","SANTANDER","BUCARAMANGA","2021-07-19T00:00:00.000","julio","2021","lunes","1947","155","2102","56","168","1848","41","95","1794","15","73","54","523","30","17","13","0","0","0","1","0"
"153","SANTANDER","BUCARAMANGA","2021-07-20T00:00:00.000","julio","2021","martes","755","73","828","28","39","753","13","25","712","15","14","41","60","8","5","3","0","0","0","0","0"
"154","SANTANDER","BUCARAMANGA","2021-07-21T00:00:00.000","julio","2021","miércoles","2119","709","2828","87","644","2055","41","79","1982","46","565","73","80","42","17","25","0","0","0","0","0"
"155","SANTANDER","BUCARAMANGA","2021-07-22T00:00:00.000","julio","2021","jueves","2112","1045","3157","347","705","2035","34","83","1982","313","622","53","64","70","13","57","0","1","0","0","0"
"156","SANTANDER","BUCARAMANGA","2021-07-23T00:00:00.000","julio","2021","viernes","2964","2187","5151","1572","674","2712","66","219","2631","1506","455","81","37","193","48","145","0","0","0","0","0"
"157","SANTANDER","BUCARAMANGA","2021-07-24T00:00:00.000","julio","2021","sábado","2965","1596","4561","1250","632","2560","78","320","2531","1172","312","29","60","119","36","83","0","1","0","0","0"
"158","SANTANDER","BUCARAMANGA","2021-07-25T00:00:00.000","julio","2021","domingo","1668","852","2520","645","299","1513","18","137","1497","627","162","16","7","63","16","47","0","0","0","0","0"
"159","SANTANDER","BUCARAMANGA","2021-07-26T00:00:00.000","julio","2021","lunes","2738","1595","4333","1238","419","2557","49","157","2501","1189","262","56","68","119","31","88","0","0","0","0","0"
"160","SANTANDER","BUCARAMANGA","2021-07-27T00:00:00.000","julio","2021","martes","2679","1666","4345","1224","488","2496","45","200","2399","1179","288","97","91","137","35","102","0","0","1","0","0"
"161","SANTANDER","BUCARAMANGA","2021-07-28T00:00:00.000","julio","2021","miércoles","2637","2434","5071","936","1587","2447","33","185","2396","903","1402","51","70","101","23","78","0","0","0","0","0"
"162","SANTANDER","BUCARAMANGA","2021-07-29T00:00:00.000","julio","2021","jueves","1866","3124","4990","974","2088","1752","35","134","1626","939","1954","126","45","176","71","105","0","2","0","0","0"
"163","SANTANDER","BUCARAMANGA","2021-07-30T00:00:00.000","julio","2021","viernes","6318","2463","8781","622","1543","1414","28","308","852","594","1235","562","29","5202","5130","72","0","0","0","0","0"
"164","SANTANDER","BUCARAMANGA","2021-07-31T00:00:00.000","julio","2021","sábado","5366","1417","6783","241","895","889","12","203","449","229","692","440","12","4758","4702","56","0","0","0","0","0"
"165","SANTANDER","BUCARAMANGA","2021-08-01T00:00:00.000","agosto","2021","domingo","3107","1107","4214","195","364","652","6","89","50","189","275","602","6","3003","2962","41","0","0","1","0","0"
"166","SANTANDER","BUCARAMANGA","2021-08-02T00:00:00.000","agosto","2021","lunes","4980","1063","6043","257","499","682","15","140","260","242","359","422","6","4605","4565","40","0","0","0","0","0"
"167","SANTANDER","BUCARAMANGA","2021-08-03T00:00:00.000","agosto","2021","martes","4355","789","5144","187","450","586","9","107","339","178","343","247","3","3921","3900","21","0","0","2","0","0"
"168","SANTANDER","BUCARAMANGA","2021-08-04T00:00:00.000","agosto","2021","miércoles","4125","781","4906","134","559","652","8","144","444","126","415","208","1","3561","3529","32","0","0","0","0","0"
"169","SANTANDER","BUCARAMANGA","2021-08-05T00:00:00.000","agosto","2021","jueves","3167","525","3692","91","314","302","6","59","136","85","255","166","5","2985","2966","19","0","0","0","0","0"
"170","SANTANDER","BUCARAMANGA","2021-08-06T00:00:00.000","agosto","2021","viernes","3683","567","4250","116","1422","311","25","1161","120","91","261","191","5","2401","2377","24","0","0","0","0","1"
"171","SANTANDER","BUCARAMANGA","2021-08-07T00:00:00.000","agosto","2021","sábado","3055","336","3391","78","1013","174","12","883","48","66","130","126","3","2126","2112","14","0","0","0","0","0"
"172","SANTANDER","BUCARAMANGA","2021-08-08T00:00:00.000","agosto","2021","domingo","1655","200","1855","37","99","103","1","29","18","36","70","85","4","1616","1607","9","0","0","0","0","0"
"173","SANTANDER","BUCARAMANGA","2021-08-09T00:00:00.000","agosto","2021","lunes","2436","559","2995","69","178","559","7","34","218","62","144","341","1","2189","2177","12","0","0","1","0","1"
"174","SANTANDER","BUCARAMANGA","2021-08-10T00:00:00.000","agosto","2021","martes","2893","793","3686","69","213","698","8","51","138","61","162","560","9","2706","2696","10","0","0","0","0","1"
"175","SANTANDER","BUCARAMANGA","2021-08-11T00:00:00.000","agosto","2021","miércoles","2653","629","3282","44","176","597","12","26","163","32","150","434","2","2465","2452","13","0","0","0","0","2"
"176","SANTANDER","BUCARAMANGA","2021-08-12T00:00:00.000","agosto","2021","jueves","1457","957","2414","41","188","929","8","25","180","33","163","749","77","1256","1244","12","0","0","0","0","0"
"177","SANTANDER","BUCARAMANGA","2021-08-13T00:00:00.000","agosto","2021","viernes","1728","1114","2842","55","217","1111","5","36","253","50","181","858","3","1459","1434","25","0","0","0","0","0"
"178","SANTANDER","BUCARAMANGA","2021-08-14T00:00:00.000","agosto","2021","sábado","4157","1278","5435","99","392","1026","12","89","162","87","303","864","1","3918","3894","24","0","0","0","0","0"
"179","SANTANDER","BUCARAMANGA","2021-08-15T00:00:00.000","agosto","2021","domingo","2261","940","3201","33","141","799","2","23","17","31","118","782","2","2228","2219","9","0","0","0","0","0"
"180","SANTANDER","BUCARAMANGA","2021-08-16T00:00:00.000","agosto","2021","lunes","1412","907","2319","28","130","762","3","22","5","25","108","757","4","1399","1382","17","0","0","0","0","0"
"181","SANTANDER","BUCARAMANGA","2021-08-17T00:00:00.000","agosto","2021","martes","2402","1447","3849","50","292","1206","5","35","81","45","257","1125","6","2301","2281","20","0","0","1","0","0"
"182","SANTANDER","BUCARAMANGA","2021-08-18T00:00:00.000","agosto","2021","miércoles","2130","2011","4141","1208","277","1819","1157","31","128","51","246","1691","6","837","814","23","0","0","0","0","0"
"183","SANTANDER","BUCARAMANGA","2021-08-19T00:00:00.000","agosto","2021","jueves","2077","2113","4190","1889","220","1931","1794","18","134","95","202","1797","11","150","131","19","0","0","2","0","0"
"184","SANTANDER","BUCARAMANGA","2021-08-20T00:00:00.000","agosto","2021","viernes","1631","2586","4217","1138","498","2344","1039","282","116","99","216","2228","0","237","194","43","0","0","1","0","0"
"185","SANTANDER","BUCARAMANGA","2021-08-21T00:00:00.000","agosto","2021","sábado","2593","2396","4989","434","2292","2153","304","2062","156","130","230","1997","1","110","71","39","0","0","0","0","0"
"186","SANTANDER","BUCARAMANGA","2021-08-22T00:00:00.000","agosto","2021","domingo","3095","1511","4606","25","1248","1394","7","1149","19","18","99","1375","8","1939","1920","19","0","0","1","0","0"
"187","SANTANDER","BUCARAMANGA","2021-08-23T00:00:00.000","agosto","2021","lunes","5154","1795","6949","71","1236","1688","16","1061","146","55","175","1542","0","3954","3931","23","0","0","0","0","0"
"188","SANTANDER","BUCARAMANGA","2021-08-24T00:00:00.000","agosto","2021","martes","4034","1718","5752","51","1389","1602","7","1247","92","44","142","1510","2","2710","2688","22","0","0","0","0","0"
"189","SANTANDER","BUCARAMANGA","2021-08-25T00:00:00.000","agosto","2021","miércoles","1464","1113","2577","41","1004","1007","6","882","66","35","122","941","8","525","510","15","0","0","0","0","0"
"190","SANTANDER","BUCARAMANGA","2021-08-26T00:00:00.000","agosto","2021","jueves","926","2046","2972","64","809","1866","4","654","72","60","155","1794","1","233","196","37","0","0","0","0","0"
"191","SANTANDER","BUCARAMANGA","2021-08-27T00:00:00.000","agosto","2021","viernes","1139","2117","3256","51","1639","1287","2","790","108","49","849","1179","6","279","239","40","0","0","0","0","0"
"192","SANTANDER","BUCARAMANGA","2021-08-28T00:00:00.000","agosto","2021","sábado","1814","1334","3148","97","2191","780","70","1616","79","27","575","701","0","80","49","31","0","0","2","0","0"
"193","SANTANDER","BUCARAMANGA","2021-08-29T00:00:00.000","agosto","2021","domingo","1588","378","1966","17","1634","205","9","1472","6","8","162","199","14","110","101","9","0","0","0","0","0"
"194","SANTANDER","BUCARAMANGA","2021-08-30T00:00:00.000","agosto","2021","lunes","1737","1012","2749","104","1737","883","80","1600","50","24","137","833","0","25","7","18","0","2","0","0","0"
"195","SANTANDER","BUCARAMANGA","2021-08-31T00:00:00.000","agosto","2021","martes","1550","903","2453","64","1557","818","40","1442","63","24","115","755","2","14","5","9","0","0","0","0","0"
"196","SANTANDER","BUCARAMANGA","2021-09-01T00:00:00.000","septiembre","2021","miércoles","1324","791","2115","29","1355","715","9","1240","67","20","115","648","0","16","8","8","0","0","0","0","0"
"197","SANTANDER","BUCARAMANGA","2021-09-02T00:00:00.000","septiembre","2021","jueves","572","564","1136","46","591","483","11","500","56","35","91","427","0","16","5","11","0","0","0","0","0"
"198","SANTANDER","BUCARAMANGA","2021-09-03T00:00:00.000","septiembre","2021","viernes","292","420","712","28","222","452","10","175","105","18","47","347","2","10","2","8","0","0","1","0","0"
"199","SANTANDER","BUCARAMANGA","2021-09-04T00:00:00.000","septiembre","2021","sábado","80","218","298","5","71","212","1","19","59","4","52","153","0","10","1","9","0","1","0","0","1"
"200","SANTANDER","BUCARAMANGA","2021-09-05T00:00:00.000","septiembre","2021","domingo","599","127","726","2","643","77","1","595","3","1","48","74","0","4","0","4","0","0","0","0","0"
"201","SANTANDER","BUCARAMANGA","2021-09-06T00:00:00.000","septiembre","2021","lunes","2007","516","2523","24","2025","456","3","1926","75","21","99","381","0","18","3","15","0","0","0","0","0"
"202","SANTANDER","BUCARAMANGA","2021-09-07T00:00:00.000","septiembre","2021","martes","964","455","1419","27","1001","383","8","916","39","19","85","344","1","8","1","7","0","0","0","0","0"
"203","SANTANDER","BUCARAMANGA","2021-09-08T00:00:00.000","septiembre","2021","miércoles","352","384","736","8","433","288","1","295","56","7","138","232","0","7","0","7","0","0","0","0","1"
"204","SANTANDER","BUCARAMANGA","2021-09-09T00:00:00.000","septiembre","2021","jueves","170","574","744","20","210","505","2","48","118","18","162","387","1","9","2","7","0","0","1","0","0"
"205","SANTANDER","BUCARAMANGA","2021-09-10T00:00:00.000","septiembre","2021","viernes","1817","551","2368","442","1491","428","423","1238","152","19","253","276","0","7","4","3","1","0","0","0","0"
"206","SANTANDER","BUCARAMANGA","2021-09-11T00:00:00.000","septiembre","2021","sábado","1629","1439","3068","1406","1394","260","1354","229","43","52","1165","217","0","8","3","5","0","0","0","0","0"
"207","SANTANDER","BUCARAMANGA","2021-09-12T00:00:00.000","septiembre","2021","domingo","788","385","1173","714","404","48","698","81","5","16","323","43","2","7","4","3","0","1","0","0","0"
"208","SANTANDER","BUCARAMANGA","2021-09-13T00:00:00.000","septiembre","2021","lunes","1053","498","1551","1007","363","172","960","38","51","47","325","121","0","9","4","5","0","0","0","0","0"
"209","SANTANDER","BUCARAMANGA","2021-09-14T00:00:00.000","septiembre","2021","martes","827","473","1300","708","381","206","693","84","47","15","297","159","0","5","3","2","0","0","0","0","0"
"210","SANTANDER","BUCARAMANGA","2021-09-15T00:00:00.000","septiembre","2021","miércoles","1667","410","2077","798","752","521","767","523","373","31","229","148","1","6","4","2","0","0","0","0","0"
"211","SANTANDER","BUCARAMANGA","2021-09-16T00:00:00.000","septiembre","2021","jueves","2128","390","2518","1098","880","530","1036","699","389","62","181","141","1","10","4","6","0","0","1","0","0"
"212","SANTANDER","BUCARAMANGA","2021-09-17T00:00:00.000","septiembre","2021","viernes","1907","394","2301","663","1031","597","652","897","355","11","134","242","1","10","3","7","0","0","0","0","0"
"213","SANTANDER","BUCARAMANGA","2021-09-18T00:00:00.000","septiembre","2021","sábado","1257","314","1571","470","764","329","460","594","200","10","170","129","0","8","3","5","0","0","0","0","1"
"214","SANTANDER","BUCARAMANGA","2021-09-19T00:00:00.000","septiembre","2021","domingo","214","62","276","101","92","80","98","67","48","3","25","32","0","3","1","2","0","0","0","0","0"
"215","SANTANDER","BUCARAMANGA","2021-09-20T00:00:00.000","septiembre","2021","lunes","1062","385","1447","159","815","467","153","622","286","6","193","181","1","6","1","5","0","0","0","0","0"
"216","SANTANDER","BUCARAMANGA","2021-09-21T00:00:00.000","septiembre","2021","martes","1149","338","1487","174","1074","230","167","890","88","7","184","142","0","9","4","5","0","0","0","0","0"
"217","SANTANDER","BUCARAMANGA","2021-09-22T00:00:00.000","septiembre","2021","miércoles","2668","353","3021","1196","1046","769","1177","834","654","19","212","115","1","10","3","7","0","0","0","1","0"
"218","SANTANDER","BUCARAMANGA","2021-09-23T00:00:00.000","septiembre","2021","jueves","2170","287","2457","992","871","584","978","728","464","14","143","120","0","10","0","10","0","0","0","0","0"
"219","SANTANDER","BUCARAMANGA","2021-09-24T00:00:00.000","septiembre","2021","viernes","1891","195","2086","799","747","534","787","683","419","12","64","115","1","6","2","4","0","0","0","0","0"
"220","SANTANDER","BUCARAMANGA","2021-09-25T00:00:00.000","septiembre","2021","sábado","1500","329","1829","696","427","526","688","375","431","8","52","95","1","180","6","174","1","2","2","1","4"
"221","SANTANDER","BUCARAMANGA","2021-09-26T00:00:00.000","septiembre","2021","domingo","894","607","1501","496","257","212","482","226","184","14","31","28","1","536","2","534","0","2","2","0","5"
"222","SANTANDER","BUCARAMANGA","2021-09-27T00:00:00.000","septiembre","2021","lunes","1690","1505","3195","850","582","512","816","436","430","34","146","82","1","1251","8","1243","1","0","2","0","9"
"223","SANTANDER","BUCARAMANGA","2021-09-28T00:00:00.000","septiembre","2021","martes","1732","1380","3112","853","555","578","807","417","502","46","138","76","1","1126","6","1120","1","2","3","1","2"
"224","SANTANDER","BUCARAMANGA","2021-09-29T00:00:00.000","septiembre","2021","miércoles","1746","820","2566","747","594","683","714","470","552","33","124","131","2","542","10","532","0","0","3","0","5"
"225","SANTANDER","BUCARAMANGA","2021-09-30T00:00:00.000","septiembre","2021","jueves","1258","431","1689","718","252","505","696","179","376","22","73","129","2","214","7","207","1","0","3","0","2"
"226","SANTANDER","BUCARAMANGA","2021-10-01T00:00:00.000","octubre","2021","viernes","1131","325","1456","482","295","589","471","208","445","11","87","144","1","90","7","83","1","16","3","0","2"
"227","SANTANDER","BUCARAMANGA","2021-10-02T00:00:00.000","octubre","2021","sábado","1283","173","1456","562","354","482","546","327","402","16","27","80","96","58","8","50","1","6","3","0","0"
"228","SANTANDER","BUCARAMANGA","2021-10-03T00:00:00.000","octubre","2021","domingo","548","33","581","216","131","229","208","126","211","8","5","18","145","5","3","2","0","4","3","0","2"
"229","SANTANDER","BUCARAMANGA","2021-10-04T00:00:00.000","octubre","2021","lunes","1025","195","1220","370","292","516","349","247","414","21","45","102","700","42","15","27","2","8","16","2","2"
"230","SANTANDER","BUCARAMANGA","2021-10-05T00:00:00.000","octubre","2021","martes","1275","165","1440","747","282","400","727","241","302","20","41","98","598","11","5","6","2","6","6","0","5"
"231","SANTANDER","BUCARAMANGA","2021-10-06T00:00:00.000","octubre","2021","miércoles","1012","1912","2924","320","380","594","280","255","457","40","125","137","768","1630","20","1610","0","6","26","4","8"
"232","SANTANDER","BUCARAMANGA","2021-10-07T00:00:00.000","octubre","2021","jueves","855","5056","5911","373","475","408","324","255","241","49","220","167","1345","4655","35","4620","1","26","165","3","20"
"233","SANTANDER","BUCARAMANGA","2021-10-08T00:00:00.000","octubre","2021","viernes","705","4934","5639","273","407","430","234","209","222","39","198","208","1208","4529","40","4489","3","32","182","4","12"
"234","SANTANDER","BUCARAMANGA","2021-10-09T00:00:00.000","octubre","2021","sábado","581","3674","4255","236","327","237","212","212","132","24","115","105","1178","3455","25","3430","2","43","122","1","15"
"235","SANTANDER","BUCARAMANGA","2021-10-10T00:00:00.000","octubre","2021","domingo","173","1446","1619","85","55","95","69","30","65","16","25","30","546","1384","9","1375","2","8","30","0","5"
"236","SANTANDER","BUCARAMANGA","2021-10-11T00:00:00.000","octubre","2021","lunes","363","2655","3018","143","173","280","127","92","123","16","81","157","1137","2422","21","2401","7","62","222","1","16"
"237","SANTANDER","BUCARAMANGA","2021-10-12T00:00:00.000","octubre","2021","martes","476","2490","2966","183","190","276","165","129","146","18","61","130","1198","2317","36","2281","7","31","165","2","21"
"238","SANTANDER","BUCARAMANGA","2021-10-13T00:00:00.000","octubre","2021","miércoles","586","1977","2563","218","110","529","189","61","303","29","49","226","653","1706","33","1673","9","35","150","2","18"
"239","SANTANDER","BUCARAMANGA","2021-10-14T00:00:00.000","octubre","2021","jueves","566","1370","1936","188","365","467","156","134","249","32","231","218","361","916","27","889","7","37","95","4","23"
"240","SANTANDER","BUCARAMANGA","2021-10-15T00:00:00.000","octubre","2021","viernes","883","1925","2808","517","554","440","460","219","146","57","335","294","519","1297","58","1239","3","35","132","4","23"
"241","SANTANDER","BUCARAMANGA","2021-10-16T00:00:00.000","octubre","2021","sábado","830","1537","2367","562","494","278","483","229","101","79","265","177","70","1033","17","1016","2","31","113","0","13"
"242","SANTANDER","BUCARAMANGA","2021-10-17T00:00:00.000","octubre","2021","domingo","340","653","993","233","249","67","219","92","22","14","157","45","30","444","7","437","3","41","55","1","5"
"243","SANTANDER","BUCARAMANGA","2021-10-18T00:00:00.000","octubre","2021","lunes","212","290","502","155","115","30","149","51","8","6","64","22","14","202","4","198","0","11","39","1","5"
"244","SANTANDER","BUCARAMANGA","2021-10-19T00:00:00.000","octubre","2021","martes","934","1654","2588","731","551","272","596","230","82","135","321","190","141","1034","26","1008","8","86","268","4","13"
"245","SANTANDER","BUCARAMANGA","2021-10-20T00:00:00.000","octubre","2021","miércoles","1213","1929","3142","1057","615","433","845","246","88","212","369","345","76","1037","34","1003","16","91","304","2","19"
"246","SANTANDER","BUCARAMANGA","2021-10-21T00:00:00.000","octubre","2021","jueves","1020","2146","3166","875","621","514","650","254","89","225","367","425","52","1156","27","1129","8","84","339","1","25"
"247","SANTANDER","BUCARAMANGA","2021-10-22T00:00:00.000","octubre","2021","viernes","1292","1857","3149","1028","533","513","884","243","93","144","290","420","57","1075","72","1003","20","56","309","7","66"
"248","SANTANDER","BUCARAMANGA","2021-10-23T00:00:00.000","octubre","2021","sábado","951","1923","2874","823","465","332","647","157","62","176","308","270","69","1254","85","1169","13","23","218","4","52"
"249","SANTANDER","BUCARAMANGA","2021-10-24T00:00:00.000","octubre","2021","domingo","360","632","992","291","130","71","268","64","5","23","66","66","14","500","23","477","1","0","50","0","22"
"250","SANTANDER","BUCARAMANGA","2021-10-25T00:00:00.000","octubre","2021","lunes","927","1868","2795","843","424","321","712","65","51","131","359","270","34","1207","99","1108","13","59","251","3","81"
"251","SANTANDER","BUCARAMANGA","2021-10-26T00:00:00.000","octubre","2021","martes","1270","1926","3196","1192","367","398","985","80","46","207","287","352","95","1239","159","1080","20","60","332","4","129"
"252","SANTANDER","BUCARAMANGA","2021-10-27T00:00:00.000","octubre","2021","miércoles","1067","1437","2504","934","215","404","746","65","55","188","150","349","64","951","201","750","27","33","346","15","123"
"253","SANTANDER","BUCARAMANGA","2021-10-28T00:00:00.000","octubre","2021","jueves","1560","1431","2991","1267","194","466","1062","53","102","205","141","364","202","1064","343","721","52","27","268","20","198"
"254","SANTANDER","BUCARAMANGA","2021-10-29T00:00:00.000","octubre","2021","viernes","1294","1260","2554","1097","347","316","917","92","80","180","255","236","71","794","205","589","39","41","260","11","164"
"255","SANTANDER","BUCARAMANGA","2021-10-30T00:00:00.000","octubre","2021","sábado","936","1074","2010","778","292","261","643","63","40","135","229","221","59","679","190","489","33","33","161","5","89"
"256","SANTANDER","BUCARAMANGA","2021-10-31T00:00:00.000","octubre","2021","domingo","620","590","1210","294","145","368","243","35","236","51","110","132","44","403","106","297","7","13","78","1","19"
"257","SANTANDER","BUCARAMANGA","2021-11-01T00:00:00.000","noviembre","2021","lunes","655","370","1025","200","54","479","155","15","380","45","39","99","43","292","105","187","3","7","80","2","30"
"258","SANTANDER","BUCARAMANGA","2021-11-02T00:00:00.000","noviembre","2021","martes","2093","1712","3805","941","382","1150","695","59","730","246","323","420","50","1332","609","723","50","35","327","7","206"
"259","SANTANDER","BUCARAMANGA","2021-11-03T00:00:00.000","noviembre","2021","miércoles","2723","2049","4772","747","563","1449","451","80","980","296","483","469","67","2013","1212","801","38","49","448","9","326"
"260","SANTANDER","BUCARAMANGA","2021-11-04T00:00:00.000","noviembre","2021","jueves","3847","2259","6106","770","573","1558","466","89","1082","304","484","476","87","3205","2210","995","48","30","452","15","423"
"261","SANTANDER","BUCARAMANGA","2021-11-05T00:00:00.000","noviembre","2021","viernes","3810","1548","5358","543","250","1811","303","43","1491","240","207","320","63","2754","1973","781","41","34","370","18","396"
"262","SANTANDER","BUCARAMANGA","2021-11-06T00:00:00.000","noviembre","2021","sábado","3518","1431","4949","563","101","1760","326","29","1462","237","72","298","40","2525","1701","824","36","11","403","10","274"
"263","SANTANDER","BUCARAMANGA","2021-11-07T00:00:00.000","noviembre","2021","domingo","1451","610","2061","180","28","685","88","18","548","92","10","137","20","1168","797","371","14","3","117","3","167"
"264","SANTANDER","BUCARAMANGA","2021-11-08T00:00:00.000","noviembre","2021","lunes","3485","1307","4792","596","78","1498","360","40","1164","236","38","334","59","2620","1921","699","53","30","507","14","377"
"265","SANTANDER","BUCARAMANGA","2021-11-09T00:00:00.000","noviembre","2021","martes","4310","1580","5890","1185","165","1990","862","73","1649","323","92","341","88","2550","1726","824","66","31","516","10","420"
"266","SANTANDER","BUCARAMANGA","2021-11-10T00:00:00.000","noviembre","2021","miércoles","3544","1961","5505","1189","607","1611","771","69","1232","418","538","379","79","2098","1472","626","52","36","479","12","370"
"267","SANTANDER","BUCARAMANGA","2021-11-11T00:00:00.000","noviembre","2021","jueves","2903","1840","4743","1166","584","1380","687","56","1045","479","528","335","59","1613","1115","498","34","46","363","7","295"
"268","SANTANDER","BUCARAMANGA","2021-11-12T00:00:00.000","noviembre","2021","viernes","2867","1625","4492","767","601","1445","395","69","1195","372","532","250","34","1679","1208","471","50","52","357","8","354"
"269","SANTANDER","BUCARAMANGA","2021-11-13T00:00:00.000","noviembre","2021","sábado","2773","1810","4583","776","605","1345","366","72","1077","410","533","268","40","1857","1258","599","42","60","310","10","300"
"270","SANTANDER","BUCARAMANGA","2021-11-14T00:00:00.000","noviembre","2021","domingo","1097","841","1938","403","226","421","262","23","315","141","203","106","72","888","497","391","25","18","74","7","131"
"271","SANTANDER","BUCARAMANGA","2021-11-15T00:00:00.000","noviembre","2021","lunes","1148","775","1923","317","277","418","179","22","315","138","255","103","17","911","632","279","17","22","94","5","128"
"272","SANTANDER","BUCARAMANGA","2021-11-16T00:00:00.000","noviembre","2021","martes","3283","1841","5124","1066","681","1211","738","71","930","328","610","281","108","2166","1544","622","59","86","330","13","397"
"273","SANTANDER","BUCARAMANGA","2021-11-17T00:00:00.000","noviembre","2021","miércoles","4309","2197","6506","1367","837","1500","952","114","1170","415","723","330","70","2802","2073","729","100","88","336","23","515"
"274","SANTANDER","BUCARAMANGA","2021-11-18T00:00:00.000","noviembre","2021","jueves","3710","1841","5551","708","666","1284","358","71","966","350","595","318","85","2893","2315","578","66","55","376","13","717"
"275","SANTANDER","BUCARAMANGA","2021-11-19T00:00:00.000","noviembre","2021","viernes","3398","2063","5461","713","749","1157","206","60","908","507","689","249","41","2842","2224","618","84","35","266","7","774"
"276","SANTANDER","BUCARAMANGA","2021-11-20T00:00:00.000","noviembre","2021","sábado","2859","1995","4854","709","783","994","198","55","786","511","728","208","32","2368","1820","548","103","41","201","12","1031"
"277","SANTANDER","BUCARAMANGA","2021-11-21T00:00:00.000","noviembre","2021","domingo","1381","1023","2404","286","383","423","69","20","308","217","363","115","15","1312","984","328","63","6","77","6","542"
"278","SANTANDER","BUCARAMANGA","2021-11-22T00:00:00.000","noviembre","2021","lunes","3543","2095","5638","907","652","952","318","93","656","589","559","296","61","3127","2476","651","203","43","317","23","1476"
"279","SANTANDER","BUCARAMANGA","2021-11-23T00:00:00.000","noviembre","2021","martes","3240","2197","5437","1175","652","1068","510","81","732","665","571","336","58","2542","1917","625","202","42","330","14","1474"
"280","SANTANDER","BUCARAMANGA","2021-11-24T00:00:00.000","noviembre","2021","miércoles","2894","1947","4841","1135","549","1015","562","65","692","573","484","323","77","2142","1575","567","310","29","288","16","1287"
"281","SANTANDER","BUCARAMANGA","2021-11-25T00:00:00.000","noviembre","2021","jueves","2664","1779","4443","1197","479","922","571","103","665","626","376","257","50","1845","1325","520","300","32","255","20","1309"
"282","SANTANDER","BUCARAMANGA","2021-11-26T00:00:00.000","noviembre","2021","viernes","1530","1132","2662","664","204","561","204","40","404","460","164","157","33","1233","882","351","287","30","182","12","1206"
"283","SANTANDER","BUCARAMANGA","2021-11-27T00:00:00.000","noviembre","2021","sábado","1982","1332","3314","1011","226","733","519","50","527","492","176","206","47","1344","886","458","330","27","154","11","1103"
"284","SANTANDER","BUCARAMANGA","2021-11-28T00:00:00.000","noviembre","2021","domingo","944","806","1750","685","120","340","379","18","192","306","102","148","47","605","355","250","158","7","64","5","498"
"285","SANTANDER","BUCARAMANGA","2021-11-29T00:00:00.000","noviembre","2021","lunes","2311","1626","3937","1225","248","931","685","56","558","540","192","373","548","1533","1012","521","502","25","238","26","1276"
"286","SANTANDER","BUCARAMANGA","2021-11-30T00:00:00.000","noviembre","2021","martes","1782","1761","3543","1004","285","925","414","89","487","590","196","438","872","1329","792","537","505","23","126","32","1200"
"287","SANTANDER","BUCARAMANGA","2021-12-01T00:00:00.000","diciembre","2021","miércoles","1818","1840","3658","1111","293","1227","544","145","611","567","148","616","889","1027","518","509","674","16","119","34","609"
"288","SANTANDER","BUCARAMANGA","2021-12-02T00:00:00.000","diciembre","2021","jueves","1575","1798","3373","846","154","1329","370","75","621","476","79","708","651","1044","509","535","493","23","171","42","317"
"289","SANTANDER","BUCARAMANGA","2021-12-03T00:00:00.000","diciembre","2021","viernes","1069","1396","2465","615","117","1205","291","54","516","324","63","689","384","528","208","320","461","11","77","11","216"
"290","SANTANDER","BUCARAMANGA","2021-12-04T00:00:00.000","diciembre","2021","sábado","973","1729","2702","546","547","1106","182","126","434","364","421","672","439","503","231","272","340","20","68","85","105"
"291","SANTANDER","BUCARAMANGA","2021-12-05T00:00:00.000","diciembre","2021","domingo","524","1019","1543","252","331","458","110","118","191","142","213","267","203","502","105","397","81","8","24","5","207"
"292","SANTANDER","BUCARAMANGA","2021-12-06T00:00:00.000","diciembre","2021","lunes","1130","2408","3538","400","722","1262","162","235","528","238","487","734","483","1154","205","949","137","24","131","25","739"
"293","SANTANDER","BUCARAMANGA","2021-12-07T00:00:00.000","diciembre","2021","martes","693","1614","2307","241","620","773","80","202","266","161","418","507","781","673","145","528","67","13","92","32","549"
"294","SANTANDER","BUCARAMANGA","2021-12-08T00:00:00.000","diciembre","2021","miércoles","66","202","268","126","74","46","16","26","8","110","48","38","119","22","16","6","87","0","6","5","4"
"295","SANTANDER","BUCARAMANGA","2021-12-09T00:00:00.000","diciembre","2021","jueves","622","2126","2748","704","637","879","142","169","303","562","468","576","623","528","8","520","406","6","77","22","366"
"296","SANTANDER","BUCARAMANGA","2021-12-10T00:00:00.000","diciembre","2021","viernes","674","1974","2648","789","669","865","223","174","266","566","495","599","585","325","11","314","506","6","49","43","221"
"297","SANTANDER","BUCARAMANGA","2021-12-11T00:00:00.000","diciembre","2021","sábado","417","1520","1937","523","447","830","73","66","265","450","381","565","553","137","13","124","403","8","26","24","108"
"298","SANTANDER","BUCARAMANGA","2021-12-12T00:00:00.000","diciembre","2021","domingo","271","606","877","319","182","356","97","38","128","222","144","228","134","20","8","12","162","68","3","1","1"
"299","SANTANDER","BUCARAMANGA","2021-12-13T00:00:00.000","diciembre","2021","lunes","291","1191","1482","432","477","548","59","78","150","373","399","398","534","25","4","21","409","18","10","48","12"
"300","SANTANDER","BUCARAMANGA","2021-12-14T00:00:00.000","diciembre","2021","martes","468","1352","1820","492","691","613","104","160","198","388","531","415","554","24","6","18","317","8","28","29","3"
"301","SANTANDER","BUCARAMANGA","2021-12-15T00:00:00.000","diciembre","2021","miércoles","220","1018","1238","160","545","511","19","43","156","141","502","355","423","22","2","20","128","621","14","24","1"
"302","SANTANDER","BUCARAMANGA","2021-12-16T00:00:00.000","diciembre","2021","jueves","203","1829","2032","47","464","790","17","16","168","30","448","622","447","731","2","729","27","1583","9","27","74"
"303","SANTANDER","BUCARAMANGA","2021-12-17T00:00:00.000","diciembre","2021","viernes","167","2330","2497","43","380","680","13","13","137","30","367","543","516","1394","4","1390","9","704","8","31","772"
"304","SANTANDER","BUCARAMANGA","2021-12-18T00:00:00.000","diciembre","2021","sábado","247","1898","2145","419","221","482","100","10","63","319","211","419","274","1023","74","949","87","47","1","27","590"
"305","SANTANDER","BUCARAMANGA","2021-12-19T00:00:00.000","diciembre","2021","domingo","278","1003","1281","470","111","158","145","6","33","325","105","125","51","542","94","448","195","7","0","0","3"
"306","SANTANDER","BUCARAMANGA","2021-12-20T00:00:00.000","diciembre","2021","lunes","646","2341","2987","954","322","383","339","16","58","615","306","325","125","1328","233","1095","533","38","1","10","64"
"307","SANTANDER","BUCARAMANGA","2021-12-21T00:00:00.000","diciembre","2021","martes","438","1943","2381","809","395","271","249","136","28","560","259","243","69","906","25","881","522","101","0","9","81"
"308","SANTANDER","BUCARAMANGA","2021-12-22T00:00:00.000","diciembre","2021","miércoles","422","1360","1782","634","405","132","247","148","20","387","257","112","52","611","7","604","522","16","1","17","74"
"309","SANTANDER","BUCARAMANGA","2021-12-23T00:00:00.000","diciembre","2021","jueves","146","658","804","228","160","187","74","46","15","154","114","172","19","229","11","218","234","4","1","15","60"
"310","SANTANDER","BUCARAMANGA","2021-12-24T00:00:00.000","diciembre","2021","viernes","38","164","202","43","36","74","19","6","9","24","30","65","32","49","4","45","36","4","0","2","74"
"311","SANTANDER","BUCARAMANGA","2021-12-25T00:00:00.000","diciembre","2021","sábado","2","11","13","7","0","1","1","0","0","6","0","1","0","5","1","4","1","1","0","0","8"
"312","SANTANDER","BUCARAMANGA","2021-12-26T00:00:00.000","diciembre","2021","domingo","147","462","609","224","78","159","86","20","41","138","58","118","4","148","0","148","82","22","2","0","109"
"313","SANTANDER","BUCARAMANGA","2021-12-27T00:00:00.000","diciembre","2021","lunes","548","1900","2448","625","446","706","247","128","168","378","318","538","50","671","5","666","332","757","7","13","592"
"314","SANTANDER","BUCARAMANGA","2021-12-28T00:00:00.000","diciembre","2021","martes","478","1581","2059","629","365","466","204","113","160","425","252","306","55","599","1","598","175","1690","5","43","407"
"315","SANTANDER","BUCARAMANGA","2021-12-29T00:00:00.000","diciembre","2021","miércoles","282","990","1272","425","217","211","171","64","46","254","153","165","54","419","1","418","142","764","1","40","562"
"316","SANTANDER","BUCARAMANGA","2021-12-30T00:00:00.000","diciembre","2021","jueves","189","530","719","249","89","116","108","25","30","141","64","86","39","265","26","239","141","262","5","15","373"
"317","SANTANDER","BUCARAMANGA","2021-12-31T00:00:00.000","diciembre","2021","viernes","30","81","111","49","3","19","17","0","3","32","3","16","14","40","10","30","34","0","1","2","96"
"318","SANTANDER","BUCARAMANGA","2022-01-01T00:00:00.000","enero","2022","sábado","5","8","13","2","0","7","1","0","2","1","0","5","2","4","2","2","1","0","0","1","0"
"319","SANTANDER","BUCARAMANGA","2022-01-02T00:00:00.000","enero","2022","domingo","67","145","212","70","4","48","26","0","10","44","4","38","37","90","31","59","46","26","20","5","134"
"320","SANTANDER","BUCARAMANGA","2022-01-03T00:00:00.000","enero","2022","lunes","511","1278","1789","698","65","231","259","27","54","439","38","177","57","795","171","624","390","81","100","36","1016"
"321","SANTANDER","BUCARAMANGA","2022-01-04T00:00:00.000","enero","2022","martes","565","1180","1745","481","36","208","100","14","55","381","22","153","71","1020","396","624","338","20","65","43","999"
"322","SANTANDER","BUCARAMANGA","2022-01-05T00:00:00.000","enero","2022","miércoles","1032","1856","2888","562","77","1023","142","30","403","420","47","620","90","1226","457","769","300","24","115","72","1031"
"323","SANTANDER","BUCARAMANGA","2022-01-06T00:00:00.000","enero","2022","jueves","1158","2042","3200","535","92","1215","98","38","491","437","54","724","91","1358","531","827","281","19","101","38","1255"
"324","SANTANDER","BUCARAMANGA","2022-01-07T00:00:00.000","enero","2022","viernes","826","1361","2187","483","63","808","102","26","368","381","37","440","58","833","330","503","336","8","54","27","843"
"325","SANTANDER","BUCARAMANGA","2022-01-08T00:00:00.000","enero","2022","sábado","683","1142","1825","368","50","720","104","20","319","264","30","401","36","687","240","447","250","7","51","28","602"
"326","SANTANDER","BUCARAMANGA","2022-01-09T00:00:00.000","enero","2022","domingo","305","548","853","253","23","227","87","9","88","166","14","139","26","350","121","229","98","9","28","5","206"
"327","SANTANDER","BUCARAMANGA","2022-01-10T00:00:00.000","enero","2022","lunes","308","474","782","203","10","323","64","6","154","139","4","169","13","246","84","162","112","6","12","4","175"
"328","SANTANDER","BUCARAMANGA","2022-01-11T00:00:00.000","enero","2022","martes","807","1285","2092","371","81","900","94","46","392","277","35","508","111","740","275","465","198","13","64","60","452"
"329","SANTANDER","BUCARAMANGA","2022-01-12T00:00:00.000","enero","2022","miércoles","732","1101","1833","348","73","696","98","33","334","250","40","362","44","716","267","449","339","21","79","45","816"
"330","SANTANDER","BUCARAMANGA","2022-01-13T00:00:00.000","enero","2022","jueves","466","571","1037","442","1","575","189","1","275","253","0","300","21","19","1","18","690","0","5","51","134"
"331","SANTANDER","BUCARAMANGA","2022-01-14T00:00:00.000","enero","2022","viernes","425","478","903","303","45","552","112","12","301","191","33","251","63","3","0","3","527","1","38","77","8"
"332","SANTANDER","BUCARAMANGA","2022-01-15T00:00:00.000","enero","2022","sábado","390","699","1089","179","412","492","16","92","282","163","320","210","253","6","0","6","486","6","5","588","3"
"333","SANTANDER","BUCARAMANGA","2022-01-16T00:00:00.000","enero","2022","domingo","86","171","257","22","150","84","0","43","43","22","107","41","175","1","0","1","28","2","0","260","1"
"334","SANTANDER","BUCARAMANGA","2022-01-17T00:00:00.000","enero","2022","lunes","334","474","808","132","352","324","20","117","197","112","235","127","306","0","0","0","412","5","1","491","3"
"335","SANTANDER","BUCARAMANGA","2022-01-18T00:00:00.000","enero","2022","martes","211","461","672","106","247","254","12","73","126","94","174","128","201","65","0","65","302","9","74","386","7"
"336","SANTANDER","BUCARAMANGA","2022-01-19T00:00:00.000","enero","2022","miércoles","179","820","999","203","148","214","11","42","124","192","106","90","207","434","2","432","535","8","38","288","12"
"337","SANTANDER","BUCARAMANGA","2022-01-20T00:00:00.000","enero","2022","jueves","121","634","755","136","99","112","23","30","67","113","69","45","183","408","1","407","425","3","7","265","13"
"338","SANTANDER","BUCARAMANGA","2022-01-21T00:00:00.000","enero","2022","viernes","233","495","728","41","95","340","5","25","200","36","70","140","182","252","3","249","218","5","13","281","2"
"339","SANTANDER","BUCARAMANGA","2022-01-22T00:00:00.000","enero","2022","sábado","203","371","574","2","97","328","0","33","170","2","64","158","125","147","0","147","43","0","7","290","14"
"340","SANTANDER","BUCARAMANGA","2022-01-23T00:00:00.000","enero","2022","domingo","62","91","153","2","16","96","0","4","58","2","12","38","43","39","0","39","3","1","0","84","0"
"341","SANTANDER","BUCARAMANGA","2022-01-24T00:00:00.000","enero","2022","lunes","181","392","573","23","75","296","0","19","162","23","56","134","144","179","0","179","85","11","6","225","10"
"342","SANTANDER","BUCARAMANGA","2022-01-25T00:00:00.000","enero","2022","martes","266","521","787","3","107","481","2","18","245","1","89","236","219","196","1","195","29","3","14","292","25"
"343","SANTANDER","BUCARAMANGA","2022-01-26T00:00:00.000","enero","2022","miércoles","218","353","571","1","87","365","0","18","200","1","69","165","113","118","0","118","18","6","21","168","15"
"344","SANTANDER","BUCARAMANGA","2022-01-27T00:00:00.000","enero","2022","jueves","197","341","538","1","82","316","0","16","177","1","66","139","137","139","4","135","1","9","32","305","26"
"345","SANTANDER","BUCARAMANGA","2022-01-28T00:00:00.000","enero","2022","viernes","248","328","576","5","82","346","3","13","212","2","69","134","237","143","20","123","0","3","13","226","27"
"346","SANTANDER","BUCARAMANGA","2022-01-29T00:00:00.000","enero","2022","sábado","273","387","660","1","45","413","1","23","238","0","22","175","141","201","11","190","0","2","11","242","278"
"347","SANTANDER","BUCARAMANGA","2022-01-30T00:00:00.000","enero","2022","domingo","72","139","211","2","7","151","1","3","65","1","4","86","61","51","3","48","0","0","10","64","123"
"348","SANTANDER","BUCARAMANGA","2022-01-31T00:00:00.000","enero","2022","lunes","266","372","638","24","29","349","16","11","199","8","18","150","190","236","40","196","2","2","6","183","59"
"349","SANTANDER","BUCARAMANGA","2022-02-01T00:00:00.000","febrero","2022","martes","89","399","488","180","20","157","0","2","87","180","18","70","133","131","0","131","416","11","38","148","283"
"350","SANTANDER","BUCARAMANGA","2022-02-02T00:00:00.000","febrero","2022","miércoles","90","381","471","156","13","154","1","6","75","155","7","79","137","148","8","140","402","4","57","125","279"
"351","SANTANDER","BUCARAMANGA","2022-02-03T00:00:00.000","febrero","2022","jueves","93","375","468","132","32","179","3","16","70","129","16","109","146","125","4","121","290","16","10","120","227"
"352","SANTANDER","BUCARAMANGA","2022-02-04T00:00:00.000","febrero","2022","viernes","74","272","346","72","19","165","8","8","50","64","11","115","71","90","8","82","220","5","34","127","175"
"353","SANTANDER","BUCARAMANGA","2022-02-05T00:00:00.000","febrero","2022","sábado","122","365","487","76","39","295","6","15","93","70","24","202","96","77","8","69","232","21","30","103","132"
"354","SANTANDER","BUCARAMANGA","2022-02-06T00:00:00.000","febrero","2022","domingo","44","139","183","17","9","87","5","6","30","12","3","57","24","70","3","67","40","0","0","15","50"
"355","SANTANDER","BUCARAMANGA","2022-02-07T00:00:00.000","febrero","2022","lunes","92","212","304","52","38","128","4","14","58","48","24","70","56","86","16","70","194","15","59","199","138"
"356","SANTANDER","BUCARAMANGA","2022-02-08T00:00:00.000","febrero","2022","martes","69","247","316","66","56","118","2","25","39","64","31","79","66","76","3","73","204","152","45","86","131"
"357","SANTANDER","BUCARAMANGA","2022-02-09T00:00:00.000","febrero","2022","miércoles","72","249","321","38","85","135","0","24","45","38","61","90","66","63","3","60","32","1599","45","63","125"
"358","SANTANDER","BUCARAMANGA","2022-02-10T00:00:00.000","febrero","2022","jueves","81","257","338","56","90","111","0","32","41","56","58","70","70","81","8","73","42","1029","15","87","130"
"359","SANTANDER","BUCARAMANGA","2022-02-11T00:00:00.000","febrero","2022","viernes","88","285","373","54","93","151","4","32","48","50","61","103","51","75","4","71","94","715","13","117","135"
"360","SANTANDER","BUCARAMANGA","2022-02-12T00:00:00.000","febrero","2022","sábado","106","269","375","46","83","203","3","24","77","43","59","126","60","43","2","41","48","298","15","80","110"
"361","SANTANDER","BUCARAMANGA","2022-02-13T00:00:00.000","febrero","2022","domingo","10","44","54","0","6","41","0","1","9","0","5","32","7","7","0","7","0","43","12","19","21"
"362","SANTANDER","BUCARAMANGA","2022-02-14T00:00:00.000","febrero","2022","lunes","44","141","185","18","36","108","0","9","35","18","27","73","39","23","0","23","40","307","39","35","89"
"363","SANTANDER","BUCARAMANGA","2022-02-15T00:00:00.000","febrero","2022","martes","73","172","245","52","37","142","0","20","53","52","17","89","50","14","0","14","43","419","11","64","25"
"364","SANTANDER","BUCARAMANGA","2022-02-16T00:00:00.000","febrero","2022","miércoles","68","156","224","10","46","157","0","14","54","10","32","103","65","11","0","11","6","436","64","112","46"
"365","SANTANDER","BUCARAMANGA","2022-02-17T00:00:00.000","febrero","2022","jueves","60","100","160","9","15","124","0","5","55","9","10","69","67","12","0","12","3","246","66","47","18"
"366","SANTANDER","BUCARAMANGA","2022-02-18T00:00:00.000","febrero","2022","viernes","79","147","226","22","30","173","0","12","66","22","18","107","77","1","1","0","5","402","86","82","0"
"367","SANTANDER","BUCARAMANGA","2022-02-19T00:00:00.000","febrero","2022","sábado","79","260","339","8","66","264","0","14","64","8","52","200","73","1","1","0","12","443","13","120","3"
"368","SANTANDER","BUCARAMANGA","2022-02-20T00:00:00.000","febrero","2022","domingo","9","32","41","0","12","28","0","5","3","0","7","25","10","1","1","0","0","40","0","6","0"
"369","SANTANDER","BUCARAMANGA","2022-02-21T00:00:00.000","febrero","2022","lunes","40","100","140","5","20","115","0","8","32","5","12","83","87","0","0","0","5","288","95","107","0"
"370","SANTANDER","BUCARAMANGA","2022-02-22T00:00:00.000","febrero","2022","martes","26","65","91","4","11","76","0","5","21","4","6","55","51","0","0","0","0","149","100","68","0"
"371","SANTANDER","BUCARAMANGA","2022-02-23T00:00:00.000","febrero","2022","miércoles","27","77","104","0","20","84","0","5","22","0","15","62","70","0","0","0","1","174","44","74","0"
"372","SANTANDER","BUCARAMANGA","2022-02-24T00:00:00.000","febrero","2022","jueves","23","62","85","1","23","61","0","6","17","1","17","44","35","0","0","0","1","348","13","54","0"
"373","SANTANDER","BUCARAMANGA","2022-02-25T00:00:00.000","febrero","2022","viernes","28","69","97","0","32","62","0","14","14","0","18","48","27","3","0","3","0","264","6","37","3"
"374","SANTANDER","BUCARAMANGA","2022-02-26T00:00:00.000","febrero","2022","sábado","36","84","120","0","26","94","0","10","26","0","16","68","10","0","0","0","0","152","4","11","0"
"375","SANTANDER","BUCARAMANGA","2022-02-27T00:00:00.000","febrero","2022","domingo","6","35","41","0","7","34","0","2","4","0","5","30","6","0","0","0","0","55","0","5","0"
"376","SANTANDER","BUCARAMANGA","2022-02-28T00:00:00.000","febrero","2022","lunes","15","49","64","0","7","49","0","5","10","0","2","39","14","8","0","8","0","64","21","20","0"
"377","SANTANDER","BUCARAMANGA","2022-03-01T00:00:00.000","marzo","2022","martes","29","50","79","0","38","41","0","14","15","0","24","26","50","0","0","0","1","270","21","48","0"
"378","SANTANDER","BUCARAMANGA","2022-03-02T00:00:00.000","marzo","2022","miércoles","29","51","80","0","28","52","0","16","13","0","12","39","30","0","0","0","0","202","16","43","2"
"379","SANTANDER","BUCARAMANGA","2022-03-03T00:00:00.000","marzo","2022","jueves","30","51","81","4","29","48","0","13","17","4","16","31","26","0","0","0","1","213","8","29","1"
"380","SANTANDER","BUCARAMANGA","2022-03-04T00:00:00.000","marzo","2022","viernes","16","46","62","0","26","36","0","7","9","0","19","27","32","0","0","0","0","231","0","25","1"
"381","SANTANDER","BUCARAMANGA","2022-03-05T00:00:00.000","marzo","2022","sábado","49","91","140","0","26","114","0","11","38","0","15","76","11","0","0","0","0","194","5","20","0"
"382","SANTANDER","BUCARAMANGA","2022-03-06T00:00:00.000","marzo","2022","domingo","12","32","44","0","16","28","0","3","9","0","13","19","7","0","0","0","0","133","0","5","0"
"383","SANTANDER","BUCARAMANGA","2022-03-07T00:00:00.000","marzo","2022","lunes","13","25","38","0","16","22","0","7","6","0","9","16","14","0","0","0","0","172","0","5","0"
"284","SANTANDER","BUCARAMANGA","2021-11-28T00:00:00.000","noviembre","2021","domingo","944","806","1750","685","120","340","379","18","192","306","102","148","47","605","355","250","158","7","64","5","498"
"285","SANTANDER","BUCARAMANGA","2021-11-29T00:00:00.000","noviembre","2021","lunes","2311","1626","3937","1225","248","931","685","56","558","540","192","373","548","1533","1012","521","502","25","238","26","1276"
"286","SANTANDER","BUCARAMANGA","2021-11-30T00:00:00.000","noviembre","2021","martes","1782","1761","3543","1004","285","925","414","89","487","590","196","438","872","1329","792","537","505","23","126","32","1200"
"287","SANTANDER","BUCARAMANGA","2021-12-01T00:00:00.000","diciembre","2021","miércoles","1818","1840","3658","1111","293","1227","544","145","611","567","148","616","889","1027","518","509","674","16","119","34","609"
"288","SANTANDER","BUCARAMANGA","2021-12-02T00:00:00.000","diciembre","2021","jueves","1575","1798","3373","846","154","1329","370","75","621","476","79","708","651","1044","509","535","493","23","171","42","317"
"289","SANTANDER","BUCARAMANGA","2021-12-03T00:00:00.000","diciembre","2021","viernes","1069","1396","2465","615","117","1205","291","54","516","324","63","689","384","528","208","320","461","11","77","11","216"
"290","SANTANDER","BUCARAMANGA","2021-12-04T00:00:00.000","diciembre","2021","sábado","973","1729","2702","546","547","1106","182","126","434","364","421","672","439","503","231","272","340","20","68","85","105"
"291","SANTANDER","BUCARAMANGA","2021-12-05T00:00:00.000","diciembre","2021","domingo","524","1019","1543","252","331","458","110","118","191","142","213","267","203","502","105","397","81","8","24","5","207"
"292","SANTANDER","BUCARAMANGA","2021-12-06T00:00:00.000","diciembre","2021","lunes","1130","2408","3538","400","722","1262","162","235","528","238","487","734","483","1154","205","949","137","24","131","25","739"
"293","SANTANDER","BUCARAMANGA","2021-12-07T00:00:00.000","diciembre","2021","martes","693","1614","2307","241","620","773","80","202","266","161","418","507","781","673","145","528","67","13","92","32","549"
"294","SANTANDER","BUCARAMANGA","2021-12-08T00:00:00.000","diciembre","2021","miércoles","66","202","268","126","74","46","16","26","8","110","48","38","119","22","16","6","87","0","6","5","4"
"295","SANTANDER","BUCARAMANGA","2021-12-09T00:00:00.000","diciembre","2021","jueves","622","2126","2748","704","637","879","142","169","303","562","468","576","623","528","8","520","406","6","77","22","366"
"296","SANTANDER","BUCARAMANGA","2021-12-10T00:00:00.000","diciembre","2021","viernes","674","1974","2648","789","669","865","223","174","266","566","495","599","585","325","11","314","506","6","49","43","221"
"297","SANTANDER","BUCARAMANGA","2021-12-11T00:00:00.000","diciembre","2021","sábado","417","1520","1937","523","447","830","73","66","265","450","381","565","553","137","13","124","403","8","26","24","108"
"298","SANTANDER","BUCARAMANGA","2021-12-12T00:00:00.000","diciembre","2021","domingo","271","606","877","319","182","356","97","38","128","222","144","228","134","20","8","12","162","68","3","1","1"
"299","SANTANDER","BUCARAMANGA","2021-12-13T00:00:00.000","diciembre","2021","lunes","291","1191","1482","432","477","548","59","78","150","373","399","398","534","25","4","21","409","18","10","48","12"
"300","SANTANDER","BUCARAMANGA","2021-12-14T00:00:00.000","diciembre","2021","martes","468","1352","1820","492","691","613","104","160","198","388","531","415","554","24","6","18","317","8","28","29","3"
"301","SANTANDER","BUCARAMANGA","2021-12-15T00:00:00.000","diciembre","2021","miércoles","220","1018","1238","160","545","511","19","43","156","141","502","355","423","22","2","20","128","621","14","24","1"
"302","SANTANDER","BUCARAMANGA","2021-12-16T00:00:00.000","diciembre","2021","jueves","203","1829","2032","47","464","790","17","16","168","30","448","622","447","731","2","729","27","1583","9","27","74"
"303","SANTANDER","BUCARAMANGA","2021-12-17T00:00:00.000","diciembre","2021","viernes","167","2330","2497","43","380","680","13","13","137","30","367","543","516","1394","4","1390","9","704","8","31","772"
"304","SANTANDER","BUCARAMANGA","2021-12-18T00:00:00.000","diciembre","2021","sábado","247","1898","2145","419","221","482","100","10","63","319","211","419","274","1023","74","949","87","47","1","27","590"
"305","SANTANDER","BUCARAMANGA","2021-12-19T00:00:00.000","diciembre","2021","domingo","278","1003","1281","470","111","158","145","6","33","325","105","125","51","542","94","448","195","7","0","0","3"
"306","SANTANDER","BUCARAMANGA","2021-12-20T00:00:00.000","diciembre","2021","lunes","646","2341","2987","954","322","383","339","16","58","615","306","325","125","1328","233","1095","533","38","1","10","64"
"307","SANTANDER","BUCARAMANGA","2021-12-21T00:00:00.000","diciembre","2021","martes","438","1943","2381","809","395","271","249","136","28","560","259","243","69","906","25","881","522","101","0","9","81"
"308","SANTANDER","BUCARAMANGA","2021-12-22T00:00:00.000","diciembre","2021","miércoles","422","1360","1782","634","405","132","247","148","20","387","257","112","52","611","7","604","522","16","1","17","74"
"309","SANTANDER","BUCARAMANGA","2021-12-23T00:00:00.000","diciembre","2021","jueves","146","658","804","228","160","187","74","46","15","154","114","172","19","229","11","218","234","4","1","15","60"
"310","SANTANDER","BUCARAMANGA","2021-12-24T00:00:00.000","diciembre","2021","viernes","38","164","202","43","36","74","19","6","9","24","30","65","32","49","4","45","36","4","0","2","74"
"311","SANTANDER","BUCARAMANGA","2021-12-25T00:00:00.000","diciembre","2021","sábado","2","11","13","7","0","1","1","0","0","6","0","1","0","5","1","4","1","1","0","0","8"
"312","SANTANDER","BUCARAMANGA","2021-12-26T00:00:00.000","diciembre","2021","domingo","147","462","609","224","78","159","86","20","41","138","58","118","4","148","0","148","82","22","2","0","109"
"313","SANTANDER","BUCARAMANGA","2021-12-27T00:00:00.000","diciembre","2021","lunes","548","1900","2448","625","446","706","247","128","168","378","318","538","50","671","5","666","332","757","7","13","592"
"314","SANTANDER","BUCARAMANGA","2021-12-28T00:00:00.000","diciembre","2021","martes","478","1581","2059","629","365","466","204","113","160","425","252","306","55","599","1","598","175","1690","5","43","407"
"315","SANTANDER","BUCARAMANGA","2021-12-29T00:00:00.000","diciembre","2021","miércoles","282","990","1272","425","217","211","171","64","46","254","153","165","54","419","1","418","142","764","1","40","562"
"316","SANTANDER","BUCARAMANGA","2021-12-30T00:00:00.000","diciembre","2021","jueves","189","530","719","249","89","116","108","25","30","141","64","86","39","265","26","239","141","262","5","15","373"
"317","SANTANDER","BUCARAMANGA","2021-12-31T00:00:00.000","diciembre","2021","viernes","30","81","111","49","3","19","17","0","3","32","3","16","14","40","10","30","34","0","1","2","96"
"318","SANTANDER","BUCARAMANGA","2022-01-01T00:00:00.000","enero","2022","sábado","5","8","13","2","0","7","1","0","2","1","0","5","2","4","2","2","1","0","0","1","0"
"319","SANTANDER","BUCARAMANGA","2022-01-02T00:00:00.000","enero","2022","domingo","67","145","212","70","4","48","26","0","10","44","4","38","37","90","31","59","46","26","20","5","134"
"320","SANTANDER","BUCARAMANGA","2022-01-03T00:00:00.000","enero","2022","lunes","511","1278","1789","698","65","231","259","27","54","439","38","177","57","795","171","624","390","81","100","36","1016"
"321","SANTANDER","BUCARAMANGA","2022-01-04T00:00:00.000","enero","2022","martes","565","1180","1745","481","36","208","100","14","55","381","22","153","71","1020","396","624","338","20","65","43","999"
"322","SANTANDER","BUCARAMANGA","2022-01-05T00:00:00.000","enero","2022","miércoles","1032","1856","2888","562","77","1023","142","30","403","420","47","620","90","1226","457","769","300","24","115","72","1031"
"323","SANTANDER","BUCARAMANGA","2022-01-06T00:00:00.000","enero","2022","jueves","1158","2042","3200","535","92","1215","98","38","491","437","54","724","91","1358","531","827","281","19","101","38","1255"
"324","SANTANDER","BUCARAMANGA","2022-01-07T00:00:00.000","enero","2022","viernes","826","1361","2187","483","63","808","102","26","368","381","37","440","58","833","330","503","336","8","54","27","843"
"325","SANTANDER","BUCARAMANGA","2022-01-08T00:00:00.000","enero","2022","sábado","683","1142","1825","368","50","720","104","20","319","264","30","401","36","687","240","447","250","7","51","28","602"
"326","SANTANDER","BUCARAMANGA","2022-01-09T00:00:00.000","enero","2022","domingo","305","548","853","253","23","227","87","9","88","166","14","139","26","350","121","229","98","9","28","5","206"
"327","SANTANDER","BUCARAMANGA","2022-01-10T00:00:00.000","enero","2022","lunes","308","474","782","203","10","323","64","6","154","139","4","169","13","246","84","162","112","6","12","4","175"
"328","SANTANDER","BUCARAMANGA","2022-01-11T00:00:00.000","enero","2022","martes","807","1285","2092","371","81","900","94","46","392","277","35","508","111","740","275","465","198","13","64","60","452"
"329","SANTANDER","BUCARAMANGA","2022-01-12T00:00:00.000","enero","2022","miércoles","732","1101","1833","348","73","696","98","33","334","250","40","362","44","716","267","449","339","21","79","45","816"
"330","SANTANDER","BUCARAMANGA","2022-01-13T00:00:00.000","enero","2022","jueves","466","571","1037","442","1","575","189","1","275","253","0","300","21","19","1","18","690","0","5","51","134"
"331","SANTANDER","BUCARAMANGA","2022-01-14T00:00:00.000","enero","2022","viernes","425","478","903","303","45","552","112","12","301","191","33","251","63","3","0","3","527","1","38","77","8"
"332","SANTANDER","BUCARAMANGA","2022-01-15T00:00:00.000","enero","2022","sábado","390","699","1089","179","412","492","16","92","282","163","320","210","253","6","0","6","486","6","5","588","3"
"333","SANTANDER","BUCARAMANGA","2022-01-16T00:00:00.000","enero","2022","domingo","86","171","257","22","150","84","0","43","43","22","107","41","175","1","0","1","28","2","0","260","1"
"334","SANTANDER","BUCARAMANGA","2022-01-17T00:00:00.000","enero","2022","lunes","334","474","808","132","352","324","20","117","197","112","235","127","306","0","0","0","412","5","1","491","3"
"335","SANTANDER","BUCARAMANGA","2022-01-18T00:00:00.000","enero","2022","martes","211","461","672","106","247","254","12","73","126","94","174","128","201","65","0","65","302","9","74","386","7"
"336","SANTANDER","BUCARAMANGA","2022-01-19T00:00:00.000","enero","2022","miércoles","179","820","999","203","148","214","11","42","124","192","106","90","207","434","2","432","535","8","38","288","12"
"337","SANTANDER","BUCARAMANGA","2022-01-20T00:00:00.000","enero","2022","jueves","121","634","755","136","99","112","23","30","67","113","69","45","183","408","1","407","425","3","7","265","13"
"338","SANTANDER","BUCARAMANGA","2022-01-21T00:00:00.000","enero","2022","viernes","233","495","728","41","95","340","5","25","200","36","70","140","182","252","3","249","218","5","13","281","2"
"339","SANTANDER","BUCARAMANGA","2022-01-22T00:00:00.000","enero","2022","sábado","203","371","574","2","97","328","0","33","170","2","64","158","125","147","0","147","43","0","7","290","14"
"340","SANTANDER","BUCARAMANGA","2022-01-23T00:00:00.000","enero","2022","domingo","62","91","153","2","16","96","0","4","58","2","12","38","43","39","0","39","3","1","0","84","0"
"341","SANTANDER","BUCARAMANGA","2022-01-24T00:00:00.000","enero","2022","lunes","181","392","573","23","75","296","0","19","162","23","56","134","144","179","0","179","85","11","6","225","10"
"342","SANTANDER","BUCARAMANGA","2022-01-25T00:00:00.000","enero","2022","martes","266","521","787","3","107","481","2","18","245","1","89","236","219","196","1","195","29","3","14","292","25"
"343","SANTANDER","BUCARAMANGA","2022-01-26T00:00:00.000","enero","2022","miércoles","218","353","571","1","87","365","0","18","200","1","69","165","113","118","0","118","18","6","21","168","15"
"344","SANTANDER","BUCARAMANGA","2022-01-27T00:00:00.000","enero","2022","jueves","197","341","538","1","82","316","0","16","177","1","66","139","137","139","4","135","1","9","32","305","26"
"345","SANTANDER","BUCARAMANGA","2022-01-28T00:00:00.000","enero","2022","viernes","248","328","576","5","82","346","3","13","212","2","69","134","237","143","20","123","0","3","13","226","27"
"346","SANTANDER","BUCARAMANGA","2022-01-29T00:00:00.000","enero","2022","sábado","273","387","660","1","45","413","1","23","238","0","22","175","141","201","11","190","0","2","11","242","278"
"347","SANTANDER","BUCARAMANGA","2022-01-30T00:00:00.000","enero","2022","domingo","72","139","211","2","7","151","1","3","65","1","4","86","61","51","3","48","0","0","10","64","123"
"348","SANTANDER","BUCARAMANGA","2022-01-31T00:00:00.000","enero","2022","lunes","266","372","638","24","29","349","16","11","199","8","18","150","190","236","40","196","2","2","6","183","59"
"349","SANTANDER","BUCARAMANGA","2022-02-01T00:00:00.000","febrero","2022","martes","89","399","488","180","20","157","0","2","87","180","18","70","133","131","0","131","416","11","38","148","283"
"350","SANTANDER","BUCARAMANGA","2022-02-02T00:00:00.000","febrero","2022","miércoles","90","381","471","156","13","154","1","6","75","155","7","79","137","148","8","140","402","4","57","125","279"
"351","SANTANDER","BUCARAMANGA","2022-02-03T00:00:00.000","febrero","2022","jueves","93","375","468","132","32","179","3","16","70","129","16","109","146","125","4","121","290","16","10","120","227"
"352","SANTANDER","BUCARAMANGA","2022-02-04T00:00:00.000","febrero","2022","viernes","74","272","346","72","19","165","8","8","50","64","11","115","71","90","8","82","220","5","34","127","175"
"353","SANTANDER","BUCARAMANGA","2022-02-05T00:00:00.000","febrero","2022","sábado","122","365","487","76","39","295","6","15","93","70","24","202","96","77","8","69","232","21","30","103","132"
"354","SANTANDER","BUCARAMANGA","2022-02-06T00:00:00.000","febrero","2022","domingo","44","139","183","17","9","87","5","6","30","12","3","57","24","70","3","67","40","0","0","15","50"
"355","SANTANDER","BUCARAMANGA","2022-02-07T00:00:00.000","febrero","2022","lunes","92","212","304","52","38","128","4","14","58","48","24","70","56","86","16","70","194","15","59","199","138"
"356","SANTANDER","BUCARAMANGA","2022-02-08T00:00:00.000","febrero","2022","martes","69","247","316","66","56","118","2","25","39","64","31","79","66","76","3","73","204","152","45","86","131"
"357","SANTANDER","BUCARAMANGA","2022-02-09T00:00:00.000","febrero","2022","miércoles","72","249","321","38","85","135","0","24","45","38","61","90","66","63","3","60","32","1599","45","63","125"
"358","SANTANDER","BUCARAMANGA","2022-02-10T00:00:00.000","febrero","2022","jueves","81","257","338","56","90","111","0","32","41","56","58","70","70","81","8","73","42","1029","15","87","130"
"359","SANTANDER","BUCARAMANGA","2022-02-11T00:00:00.000","febrero","2022","viernes","88","285","373","54","93","151","4","32","48","50","61","103","51","75","4","71","94","715","13","117","135"
"360","SANTANDER","BUCARAMANGA","2022-02-12T00:00:00.000","febrero","2022","sábado","106","269","375","46","83","203","3","24","77","43","59","126","60","43","2","41","48","298","15","80","110"
"361","SANTANDER","BUCARAMANGA","2022-02-13T00:00:00.000","febrero","2022","domingo","10","44","54","0","6","41","0","1","9","0","5","32","7","7","0","7","0","43","12","19","21"
"362","SANTANDER","BUCARAMANGA","2022-02-14T00:00:00.000","febrero","2022","lunes","44","141","185","18","36","108","0","9","35","18","27","73","39","23","0","23","40","307","39","35","89"
"363","SANTANDER","BUCARAMANGA","2022-02-15T00:00:00.000","febrero","2022","martes","73","172","245","52","37","142","0","20","53","52","17","89","50","14","0","14","43","419","11","64","25"
"364","SANTANDER","BUCARAMANGA","2022-02-16T00:00:00.000","febrero","2022","miércoles","68","156","224","10","46","157","0","14","54","10","32","103","65","11","0","11","6","436","64","112","46"
"365","SANTANDER","BUCARAMANGA","2022-02-17T00:00:00.000","febrero","2022","jueves","60","100","160","9","15","124","0","5","55","9","10","69","67","12","0","12","3","246","66","47","18"
"366","SANTANDER","BUCARAMANGA","2022-02-18T00:00:00.000","febrero","2022","viernes","79","147","226","22","30","173","0","12","66","22","18","107","77","1","1","0","5","402","86","82","0"
"367","SANTANDER","BUCARAMANGA","2022-02-19T00:00:00.000","febrero","2022","sábado","79","260","339","8","66","264","0","14","64","8","52","200","73","1","1","0","12","443","13","120","3"
"368","SANTANDER","BUCARAMANGA","2022-02-20T00:00:00.000","febrero","2022","domingo","9","32","41","0","12","28","0","5","3","0","7","25","10","1","1","0","0","40","0","6","0"
"369","SANTANDER","BUCARAMANGA","2022-02-21T00:00:00.000","febrero","2022","lunes","40","100","140","5","20","115","0","8","32","5","12","83","87","0","0","0","5","288","95","107","0"
"370","SANTANDER","BUCARAMANGA","2022-02-22T00:00:00.000","febrero","2022","martes","26","65","91","4","11","76","0","5","21","4","6","55","51","0","0","0","0","149","100","68","0"
"371","SANTANDER","BUCARAMANGA","2022-02-23T00:00:00.000","febrero","2022","miércoles","27","77","104","0","20","84","0","5","22","0","15","62","70","0","0","0","1","174","44","74","0"
"372","SANTANDER","BUCARAMANGA","2022-02-24T00:00:00.000","febrero","2022","jueves","23","62","85","1","23","61","0","6","17","1","17","44","35","0","0","0","1","348","13","54","0"
"373","SANTANDER","BUCARAMANGA","2022-02-25T00:00:00.000","febrero","2022","viernes","28","69","97","0","32","62","0","14","14","0","18","48","27","3","0","3","0","264","6","37","3"
"374","SANTANDER","BUCARAMANGA","2022-02-26T00:00:00.000","febrero","2022","sábado","36","84","120","0","26","94","0","10","26","0","16","68","10","0","0","0","0","152","4","11","0"
"375","SANTANDER","BUCARAMANGA","2022-02-27T00:00:00.000","febrero","2022","domingo","6","35","41","0","7","34","0","2","4","0","5","30","6","0","0","0","0","55","0","5","0"
"376","SANTANDER","BUCARAMANGA","2022-02-28T00:00:00.000","febrero","2022","lunes","15","49","64","0","7","49","0","5","10","0","2","39","14","8","0","8","0","64","21","20","0"
"377","SANTANDER","BUCARAMANGA","2022-03-01T00:00:00.000","marzo","2022","martes","29","50","79","0","38","41","0","14","15","0","24","26","50","0","0","0","1","270","21","48","0"
"378","SANTANDER","BUCARAMANGA","2022-03-02T00:00:00.000","marzo","2022","miércoles","29","51","80","0","28","52","0","16","13","0","12","39","30","0","0","0","0","202","16","43","2"
"379","SANTANDER","BUCARAMANGA","2022-03-03T00:00:00.000","marzo","2022","jueves","30","51","81","4","29","48","0","13","17","4","16","31","26","0","0","0","1","213","8","29","1"
"380","SANTANDER","BUCARAMANGA","2022-03-04T00:00:00.000","marzo","2022","viernes","16","46","62","0","26","36","0","7","9","0","19","27","32","0","0","0","0","231","0","25","1"
"381","SANTANDER","BUCARAMANGA","2022-03-05T00:00:00.000","marzo","2022","sábado","49","91","140","0","26","114","0","11","38","0","15","76","11","0","0","0","0","194","5","20","0"
"382","SANTANDER","BUCARAMANGA","2022-03-06T00:00:00.000","marzo","2022","domingo","12","32","44","0","16","28","0","3","9","0","13","19","7","0","0","0","0","133","0","5","0"
"383","SANTANDER","BUCARAMANGA","2022-03-07T00:00:00.000","marzo","2022","lunes","13","25","38","0","16","22","0","7","6","0","9","16","14","0","0","0","0","172","0","5","0"
